Sex,Length,Diameter,Height,Whole_weight,Shucked_weight,Viscera_weight,Shell_weight,Rings
F,0.396,0.288,0.097,0.3151,0.1575,0.0805,0.0914,7
F,0.526,0.427,0.167,0.8802,0.2912,0.1894,0.2967,16
I,0.5,0.396,0.131,0.5694,0.2631,0.0769,0.241,10
F,0.626,0.508,0.149,1.1844,0.6214,0.238,0.2979,9
F,0.65,0.487,0.173,1.1405,0.568,0.2583,0.2671,9
I,0.533,0.422,0.127,0.7232,0.3227,0.1453,0.1924,9
M,0.645,0.488,0.189,1.3162,0.4742,0.2834,0.4841,14
M,0.302,0.189,0.067,0.1279,0.0575,0.0297,0.0361,6
M,0.618,0.474,0.206,1.4318,0.5899,0.2967,0.3567,17
I,0.638,0.508,0.143,1.3327,0.6319,0.2476,0.333,8
M,0.515,0.406,0.149,0.8872,0.369,0.2184,0.2871,11
M,0.54,0.427,0.114,0.7472,0.2702,0.1878,0.2179,13
M,0.442,0.33,0.114,0.4771,0.1866,0.1073,0.1674,17
M,0.701,0.535,0.212,1.6902,0.8706,0.4606,0.4877,11
I,0.55,0.406,0.091,0.6505,0.3178,0.1846,0.1446,8
M,0.647,0.518,0.209,1.4855,0.648,0.2571,0.4176,16
M,0.547,0.428,0.115,0.7939,0.4025,0.1394,0.1603,6
M,0.641,0.527,0.185,1.7612,0.6461,0.3954,0.5385,18
M,0.641,0.489,0.147,1.4179,0.6502,0.3112,0.3654,10
I,0.267,0.166,0.04,0.0898,0.053,0.0228,0.0229,6
I,0.176,0.116,0.041,0.0319,0.0149,0.0042,0.005,4
F,0.578,0.437,0.113,0.9826,0.4689,0.1891,0.2065,7
M,0.743,0.582,0.206,2.0967,1.0901,0.4336,0.5138,8
M,0.373,0.279,0.064,0.2161,0.1188,0.0507,0.0937,7
F,0.464,0.36,0.134,0.4616,0.1956,0.0766,0.1478,11
M,0.568,0.456,0.145,0.8574,0.4261,0.1856,0.2309,10
I,0.71,0.557,0.195,1.5645,0.7408,0.3441,0.4374,11
I,0.489,0.376,0.133,0.641,0.243,0.2032,0.1577,12
F,0.479,0.337,0.094,0.4186,0.1781,0.0754,0.1311,8
I,0.308,0.283,0.107,0.1922,0.0575,0.0456,0.057,8
I,0.655,0.509,0.193,1.6264,0.7786,0.3645,0.4133,10
M,0.611,0.468,0.153,1.0495,0.4576,0.1913,0.2639,7
F,0.438,0.335,0.097,0.3475,0.206,0.0825,0.0743,6
M,0.449,0.354,0.128,0.5064,0.2523,0.1241,0.1763,8
F,0.549,0.437,0.14,0.8177,0.3525,0.1792,0.2119,10
F,0.436,0.343,0.081,0.397,0.1599,0.0807,0.1037,5
F,0.726,0.573,0.208,1.9074,0.8794,0.3962,0.5733,8
M,0.683,0.547,0.172,1.5453,0.6428,0.3432,0.4257,10
M,0.548,0.41,0.134,0.6703,0.285,0.1728,0.1798,12
F,0.201,0.103,0.067,0.0747,0.0247,0.0148,0.0408,6
M,0.648,0.507,0.171,1.3409,0.6788,0.302,0.3183,9
F,0.592,0.431,0.136,0.9897,0.3926,0.1829,0.2191,10
I,0.438,0.339,0.126,0.4182,0.1801,0.0836,0.1226,10
I,0.497,0.386,0.125,0.6103,0.2646,0.0924,0.1775,9
I,0.265,0.183,0.071,0.1763,0.0488,0.0385,0.0799,6
F,0.63,0.489,0.173,1.2313,0.5148,0.226,0.4362,11
F,0.564,0.471,0.16,0.781,0.3581,0.1819,0.2168,11
I,0.62,0.476,0.196,1.345,0.5979,0.1953,0.409,12
I,0.081,0.055,0.053,0.0197,0.029,0.0057,0.0015,3
M,0.39,0.332,0.101,0.52,0.2658,0.115,0.1083,9
F,0.51,0.416,0.148,0.7955,0.2717,0.1526,0.2813,11
M,0.554,0.441,0.1,0.5266,0.3267,0.0867,0.1038,8
F,0.625,0.476,0.164,1.3461,0.635,0.3063,0.3552,11
I,0.594,0.468,0.154,1.2183,0.4804,0.2625,0.3791,16
I,0.372,0.294,0.109,0.2901,0.1574,0.0643,0.0905,10
I,0.305,0.246,0.088,0.1531,0.0865,0.0277,0.0354,6
M,0.736,0.573,0.213,2.0368,0.818,0.477,0.5741,11
F,0.423,0.313,0.099,0.2541,0.1288,0.0752,0.0671,7
M,0.613,0.512,0.193,1.265,0.5303,0.3044,0.3888,15
I,0.514,0.39,0.15,0.6911,0.3378,0.1384,0.1874,9
I,0.346,0.239,0.095,0.2777,0.1275,0.0674,0.0545,8
F,0.652,0.518,0.184,1.3281,0.5303,0.2922,0.3789,13
F,0.613,0.483,0.137,1.2134,0.5483,0.2801,0.2959,7
M,0.556,0.424,0.13,0.6258,0.2495,0.1277,0.159,7
M,0.59,0.493,0.175,1.1518,0.5029,0.2323,0.3485,15
M,0.634,0.508,0.143,1.319,0.6537,0.2756,0.3634,8
I,0.492,0.344,0.108,0.6232,0.2482,0.1844,0.1586,7
F,0.603,0.479,0.135,1.0117,0.4586,0.2258,0.2455,10
M,0.538,0.434,0.146,0.6903,0.2733,0.116,0.2521,12
I,0.075,0.055,0.038,0.0258,0.0075,0.0122,0.0122,8
I,0.494,0.398,0.09,0.4229,0.1494,0.0983,0.1499,6
F,0.647,0.514,0.167,1.4135,0.6412,0.2974,0.433,14
M,0.516,0.415,0.134,0.6268,0.317,0.1184,0.227,12
F,0.505,0.391,0.102,0.5998,0.3275,0.1263,0.1657,9
F,0.39,0.282,0.082,0.2142,0.1198,0.0468,0.0611,6
F,0.595,0.468,0.124,0.9577,0.4152,0.237,0.267,8
M,0.533,0.431,0.145,0.8969,0.3713,0.1755,0.2281,8
M,0.538,0.434,0.169,0.7297,0.1901,0.1957,0.2496,17
M,0.606,0.458,0.171,0.919,0.4692,0.1884,0.2507,8
F,0.333,0.255,0.114,0.3306,0.1292,0.0862,0.0865,7
M,0.577,0.422,0.145,0.6961,0.2742,0.1421,0.2579,9
I,0.484,0.361,0.11,0.5992,0.3043,0.1031,0.1619,6
F,0.252,0.175,0.07,0.0679,0.0145,0.0167,0.0259,9
F,0.613,0.472,0.139,1.1813,0.6048,0.2665,0.2405,12
I,0.427,0.318,0.076,0.1759,0.0547,0.0418,0.0605,6
F,0.548,0.414,0.115,0.7149,0.3212,0.2136,0.1572,7
M,0.447,0.301,0.115,0.3674,0.146,0.0832,0.0944,7
I,0.343,0.263,0.06,0.116,0.0415,0.0195,0.0572,5
I,0.44,0.324,0.116,0.2936,0.1312,0.0781,0.0933,8
F,0.589,0.436,0.143,1.1944,0.4657,0.2973,0.3033,14
I,0.313,0.26,0.099,0.1969,0.1037,0.0248,0.0448,6
F,0.462,0.351,0.129,0.3699,0.1248,0.0783,0.1095,11
F,0.637,0.507,0.172,1.4014,0.6184,0.2739,0.4165,12
I,0.265,0.195,0.085,0.1187,0.0381,0.0455,0.0367,8
I,0.493,0.361,0.131,0.4167,0.1445,0.0893,0.2103,11
I,0.205,0.184,0.058,0.0466,0.0156,0.0158,0.0141,5
I,0.607,0.495,0.176,1.2362,0.5327,0.2788,0.3644,10
I,0.598,0.471,0.137,1.0914,0.5634,0.2327,0.213,8
F,0.275,0.197,0.074,0.1079,0.0698,0.0256,0.0242,6
M,0.374,0.32,0.116,0.5788,0.208,0.1271,0.1732,14
I,0.36,0.265,0.113,0.2324,0.0928,0.0541,0.0733,6
M,0.506,0.374,0.126,0.5616,0.2495,0.1183,0.1586,12
I,0.676,0.517,0.157,1.4552,0.8001,0.3125,0.3233,7
M,0.501,0.401,0.14,0.5839,0.2085,0.095,0.2442,12
F,0.563,0.448,0.159,0.9554,0.3579,0.237,0.2844,16
M,0.638,0.493,0.149,1.2196,0.4871,0.2561,0.4278,16
M,0.703,0.541,0.17,1.5673,0.696,0.3383,0.4686,14
F,0.574,0.448,0.153,0.8466,0.3056,0.1702,0.3179,12
I,0.417,0.378,0.13,0.4792,0.2306,0.0977,0.1445,8
F,0.631,0.506,0.179,1.1941,0.4464,0.2697,0.3773,14
F,0.536,0.398,0.125,0.6768,0.2285,0.1145,0.2107,10
F,0.475,0.335,0.113,0.4445,0.1955,0.0891,0.1297,8
I,0.421,0.309,0.105,0.321,0.1391,0.0548,0.0839,4
M,0.49,0.385,0.15,0.6326,0.2544,0.1215,0.1717,8
M,0.699,0.549,0.208,1.7461,0.7274,0.3907,0.5604,16
F,0.489,0.402,0.139,0.6426,0.2562,0.1253,0.1672,9
I,0.624,0.506,0.172,1.2423,0.4888,0.3046,0.2889,11
I,0.285,0.255,0.076,0.1398,0.0689,0.0611,0.05,6
I,0.353,0.287,0.102,0.2169,0.0884,0.0561,0.0808,6
I,0.322,0.206,0.082,0.1024,0.0302,0.0307,0.0408,7
I,0.44,0.304,0.123,0.471,0.173,0.098,0.1236,8
M,0.443,0.309,0.099,0.3053,0.103,0.0753,0.1052,7
I,0.402,0.277,0.105,0.4085,0.1518,0.1002,0.1016,13
I,0.516,0.423,0.11,0.6484,0.2642,0.0852,0.2037,9
F,0.518,0.424,0.148,0.7739,0.3659,0.1733,0.2108,8
F,0.626,0.491,0.215,1.588,0.668,0.3643,0.4724,17
M,0.518,0.423,0.146,0.7353,0.3377,0.1668,0.2027,11
I,0.628,0.479,0.16,1.3641,0.5192,0.2881,0.4112,11
F,0.584,0.476,0.19,1.0177,0.439,0.2235,0.3417,9
M,0.646,0.499,0.186,1.3427,0.5533,0.2922,0.3997,21
I,0.442,0.339,0.109,0.3228,0.1365,0.0693,0.1166,7
M,0.437,0.328,0.118,0.461,0.2051,0.1158,0.1703,10
F,0.482,0.383,0.155,0.6525,0.358,0.1634,0.1666,8
M,0.559,0.441,0.133,0.8825,0.4946,0.1499,0.2053,6
M,0.428,0.346,0.079,0.2733,0.1164,0.0612,0.0734,4
F,0.501,0.343,0.077,0.3429,0.1252,0.1018,0.0947,10
M,0.666,0.506,0.191,1.452,0.5925,0.3563,0.3919,9
I,0.314,0.238,0.08,0.1909,0.0854,0.0244,0.0551,5
I,0.075,0.055,0.073,0.0324,0.0115,0.0039,0.0199,6
M,0.456,0.352,0.112,0.4411,0.1726,0.0863,0.1625,12
I,0.509,0.381,0.114,0.5355,0.2455,0.1365,0.1224,7
F,0.444,0.319,0.088,0.4023,0.1941,0.1074,0.1158,9
I,0.402,0.321,0.133,0.3695,0.1488,0.0645,0.1114,9
F,0.459,0.383,0.138,0.5215,0.1958,0.1367,0.1661,8
M,0.508,0.417,0.138,0.7014,0.3004,0.1604,0.2209,11
F,0.418,0.304,0.104,0.3398,0.1482,0.0636,0.1058,9
F,0.561,0.428,0.156,0.8373,0.4217,0.1533,0.2072,10
F,0.647,0.514,0.173,1.4137,0.5138,0.3567,0.4796,13
F,0.515,0.428,0.121,0.5072,0.1857,0.1137,0.184,8
I,0.666,0.525,0.167,1.4921,0.6228,0.3354,0.4034,14
I,0.508,0.387,0.133,0.5779,0.2375,0.1467,0.1591,8
M,0.511,0.393,0.131,0.5695,0.2129,0.0775,0.2335,13
F,0.705,0.538,0.19,1.8358,0.9197,0.3312,0.497,18
M,0.723,0.57,0.174,2.0951,1.0089,0.4247,0.4891,10
I,0.354,0.254,0.097,0.1939,0.0516,0.0516,0.0812,5
I,0.531,0.429,0.09,0.71,0.2673,0.147,0.1893,10
I,0.589,0.445,0.131,0.9965,0.3911,0.1994,0.2358,11
I,0.358,0.248,0.097,0.1545,0.0844,0.0739,0.0337,5
F,0.465,0.375,0.121,0.527,0.2012,0.1227,0.2321,9
F,0.477,0.411,0.124,0.5434,0.2579,0.078,0.187,12
I,0.317,0.257,0.073,0.2108,0.1241,0.0271,0.0818,7
F,0.632,0.506,0.164,1.366,0.5658,0.3113,0.3245,11
F,0.654,0.497,0.142,1.0012,0.4168,0.2248,0.2767,11
F,0.518,0.41,0.129,0.4924,0.1327,0.1153,0.2003,9
M,0.655,0.537,0.211,1.663,0.6197,0.4073,0.4293,14
I,0.344,0.291,0.106,0.2603,0.121,0.0587,0.1088,10
M,0.567,0.433,0.104,0.7269,0.3941,0.193,0.1542,8
M,0.69,0.527,0.136,1.452,0.5374,0.3256,0.3871,13
F,0.692,0.54,0.18,1.4349,0.5854,0.3408,0.3969,10
F,0.486,0.358,0.08,0.3622,0.187,0.0655,0.1172,5
F,0.451,0.338,0.109,0.4166,0.1682,0.085,0.1621,8
I,0.329,0.212,0.068,0.1409,0.0474,0.0382,0.0446,9
M,0.668,0.521,0.172,1.3847,0.6696,0.2696,0.3268,8
I,0.598,0.461,0.119,0.8949,0.5133,0.2012,0.1974,7
M,0.507,0.391,0.148,0.6363,0.2629,0.1147,0.2191,8
F,0.597,0.44,0.137,0.9489,0.4433,0.1731,0.2664,5
M,0.639,0.529,0.156,1.0777,0.4163,0.2615,0.3509,15
M,0.758,0.59,0.247,2.3167,1.0788,0.5084,0.6413,19
I,0.483,0.354,0.114,0.5138,0.1862,0.1324,0.1702,5
F,0.652,0.505,0.177,1.5394,0.7198,0.3619,0.3791,9
F,0.494,0.371,0.141,0.6405,0.1823,0.1086,0.2033,11
I,0.442,0.299,0.114,0.3031,0.1163,0.0757,0.0924,9
F,0.407,0.312,0.121,0.3764,0.1668,0.1007,0.1104,9
F,0.636,0.486,0.155,1.1111,0.527,0.2733,0.2476,8
I,0.629,0.506,0.174,1.5751,0.6249,0.2592,0.5236,13
F,0.43,0.338,0.114,0.2968,0.1786,0.0678,0.0592,7
I,0.653,0.511,0.176,1.4026,0.6072,0.3253,0.3765,10
I,0.159,0.111,0.043,0.026,0.0204,0.0064,0.0034,3
I,0.31,0.207,0.062,0.1167,0.0728,0.0386,0.0302,3
I,0.48,0.36,0.109,0.5227,0.2289,0.071,0.1434,9
M,0.659,0.53,0.184,1.6852,0.7061,0.3306,0.482,16
F,0.535,0.418,0.126,0.8095,0.3298,0.1561,0.2127,6
F,0.717,0.557,0.191,1.738,0.7535,0.3861,0.5579,11
F,0.552,0.431,0.119,0.842,0.446,0.1506,0.243,10
F,0.678,0.52,0.182,1.5855,0.7405,0.2743,0.4083,14
F,0.288,0.197,0.073,0.0908,0.0282,0.0233,0.054,8
M,0.57,0.428,0.155,0.9309,0.4336,0.1663,0.247,8
I,0.432,0.304,0.093,0.3705,0.1742,0.0455,0.1357,9
F,0.539,0.429,0.134,0.7741,0.3236,0.1706,0.2294,9
M,0.584,0.486,0.105,0.9598,0.4339,0.2019,0.1817,8
I,0.553,0.427,0.142,0.7031,0.4614,0.0926,0.1596,5
F,0.453,0.359,0.122,0.4526,0.2167,0.0986,0.1394,8
I,0.592,0.448,0.154,0.9357,0.4602,0.2055,0.2254,8
F,0.509,0.357,0.11,0.7351,0.3734,0.1428,0.2047,8
F,0.655,0.489,0.165,1.1203,0.5175,0.2714,0.269,8
F,0.417,0.352,0.09,0.4314,0.2106,0.1036,0.0995,9
I,0.473,0.357,0.124,0.5041,0.2811,0.1111,0.1164,8
I,0.323,0.214,0.084,0.1329,0.0566,0.0231,0.0484,8
F,0.402,0.34,0.107,0.2368,0.0795,0.0574,0.1185,9
F,0.622,0.492,0.206,1.4355,0.5322,0.3149,0.3866,21
M,0.514,0.405,0.118,0.7721,0.2958,0.1551,0.2482,10
M,0.569,0.436,0.156,1.0085,0.458,0.2453,0.271,9
I,0.358,0.276,0.097,0.2622,0.1021,0.0525,0.1199,7
F,0.612,0.474,0.155,1.1472,0.4961,0.3006,0.279,9
I,0.496,0.373,0.088,0.637,0.3426,0.1451,0.1499,7
F,0.646,0.542,0.186,1.5447,0.634,0.3211,0.4932,14
F,0.565,0.434,0.152,0.8239,0.4033,0.2141,0.2643,12
M,0.683,0.534,0.185,1.4851,0.6511,0.3282,0.3598,10
I,0.398,0.324,0.113,0.3309,0.089,0.0774,0.1285,9
I,0.42,0.335,0.096,0.2306,0.0931,0.0434,0.1062,7
I,0.539,0.422,0.128,0.7384,0.3128,0.2338,0.1992,11
M,0.581,0.444,0.152,1.0368,0.588,0.2092,0.2006,6
F,0.421,0.356,0.103,0.3985,0.1791,0.0764,0.1238,11
M,0.573,0.438,0.175,0.9182,0.3695,0.2579,0.2482,9
I,0.506,0.404,0.124,0.6999,0.3683,0.1645,0.1494,8
I,0.635,0.476,0.14,1.3234,0.5643,0.2888,0.3128,7
I,0.219,0.172,0.054,0.0651,0.0194,0.0192,0.0097,7
M,0.563,0.444,0.142,0.9277,0.3407,0.2404,0.2731,14
F,0.613,0.496,0.161,1.3507,0.634,0.2364,0.3427,12
M,0.682,0.521,0.186,1.6791,0.794,0.3814,0.4403,13
I,0.373,0.27,0.087,0.2398,0.0865,0.0455,0.1152,5
F,0.396,0.26,0.085,0.2075,0.105,0.0663,0.0701,7
M,0.637,0.494,0.146,1.0716,0.4925,0.2341,0.3195,13
M,0.605,0.472,0.124,0.6437,0.2196,0.1863,0.2317,13
I,0.442,0.326,0.095,0.4567,0.3195,0.1003,0.0714,5
F,0.348,0.264,0.091,0.1705,0.0944,0.0313,0.0422,6
F,0.644,0.506,0.161,1.3607,0.6874,0.2799,0.3033,9
I,0.337,0.244,0.093,0.1792,0.0404,0.0346,0.0983,12
I,0.322,0.247,0.104,0.257,0.1475,0.0473,0.0428,5
F,0.496,0.394,0.129,0.6007,0.2076,0.1394,0.1967,7
F,0.491,0.384,0.114,0.5393,0.1783,0.1453,0.2026,11
F,0.425,0.359,0.117,0.4749,0.1938,0.1137,0.1048,7
I,0.434,0.31,0.14,0.3578,0.1526,0.0581,0.1158,8
M,0.634,0.506,0.172,1.2915,0.5698,0.3,0.3537,11
F,0.623,0.5,0.158,1.3846,0.5198,0.3032,0.3971,9
I,0.402,0.373,0.082,0.3427,0.1701,0.0564,0.1156,11
M,0.562,0.439,0.165,1.0024,0.3853,0.1594,0.3001,11
M,0.68,0.559,0.211,1.6646,0.6964,0.3878,0.4889,12
I,0.293,0.221,0.101,0.1063,0.0462,0.0242,0.0453,5
I,0.605,0.474,0.159,1.3058,0.5793,0.2799,0.3899,11
I,0.588,0.442,0.13,0.8521,0.3576,0.1778,0.2603,9
F,0.556,0.441,0.158,1.0132,0.3884,0.2121,0.2878,12
M,0.422,0.299,0.11,0.2664,0.1195,0.0531,0.0869,5
M,0.486,0.375,0.101,0.5728,0.3182,0.1046,0.2094,13
M,0.68,0.529,0.201,1.7769,0.7972,0.3641,0.4451,11
M,0.509,0.35,0.135,0.5706,0.2332,0.123,0.173,6
I,0.564,0.436,0.135,0.9222,0.3433,0.177,0.2826,8
M,0.602,0.472,0.18,0.9592,0.4874,0.241,0.2199,9
F,0.546,0.427,0.12,0.7043,0.3124,0.1725,0.1841,9
I,0.376,0.289,0.109,0.3769,0.1609,0.0542,0.1441,13
I,0.349,0.299,0.086,0.1616,0.0579,0.052,0.0609,9
I,0.454,0.347,0.122,0.5595,0.2462,0.1096,0.1263,6
F,0.449,0.338,0.14,0.5145,0.2753,0.1442,0.1366,7
F,0.672,0.519,0.178,1.4375,0.6502,0.2969,0.3755,13
M,0.462,0.361,0.104,0.4819,0.2262,0.0926,0.127,7
F,0.432,0.305,0.125,0.3677,0.1604,0.0685,0.1499,9
I,0.622,0.463,0.142,0.8865,0.4494,0.2147,0.2313,6
F,0.398,0.348,0.111,0.3451,0.1368,0.0817,0.1419,10
M,0.661,0.544,0.186,1.4453,0.6552,0.2979,0.345,11
I,0.522,0.395,0.14,0.811,0.4017,0.1751,0.1603,9
M,0.445,0.322,0.087,0.3673,0.1963,0.0793,0.0875,6
M,0.591,0.459,0.123,0.9257,0.4926,0.1547,0.2539,9
M,0.557,0.414,0.121,0.6519,0.234,0.1203,0.2154,9
I,0.49,0.372,0.119,0.7554,0.4024,0.1396,0.1849,10
I,0.556,0.43,0.167,0.8206,0.3776,0.1605,0.2225,8
M,0.449,0.369,0.12,0.5226,0.2277,0.135,0.1579,11
M,0.719,0.574,0.204,2.0357,0.891,0.4917,0.572,16
I,0.573,0.441,0.154,1.0185,0.4864,0.2217,0.218,12
M,0.493,0.407,0.125,0.7541,0.2804,0.195,0.2378,11
I,0.351,0.252,0.084,0.1919,0.1005,0.0328,0.0711,7
F,0.504,0.387,0.127,0.5003,0.1807,0.0906,0.2044,9
F,0.604,0.491,0.158,0.8668,0.4156,0.2065,0.2421,10
F,0.661,0.517,0.189,1.4418,0.5969,0.3202,0.3857,13
I,0.464,0.376,0.115,0.4205,0.2037,0.1021,0.1245,6
M,0.396,0.324,0.118,0.4562,0.1964,0.0716,0.1098,8
F,0.507,0.389,0.154,0.6975,0.2676,0.1369,0.2533,11
F,0.588,0.468,0.184,0.9627,0.4159,0.2242,0.2496,7
I,0.513,0.394,0.15,0.9793,0.4946,0.2321,0.2315,9
M,0.46,0.372,0.111,0.4758,0.3049,0.0784,0.1288,10
M,0.558,0.428,0.133,0.7984,0.306,0.2067,0.311,15
I,0.48,0.379,0.111,0.5064,0.161,0.1343,0.1552,7
F,0.472,0.37,0.117,0.678,0.3642,0.1379,0.1393,10
I,0.531,0.371,0.123,0.5729,0.2826,0.1344,0.2046,10
M,0.663,0.52,0.159,1.4002,0.6509,0.2346,0.4202,10
M,0.56,0.44,0.17,0.8774,0.2788,0.2075,0.2744,15
M,0.573,0.43,0.167,0.863,0.3858,0.1601,0.2905,8
F,0.464,0.365,0.141,0.628,0.2241,0.1341,0.2212,9
M,0.562,0.436,0.137,0.7834,0.2834,0.1855,0.2183,14
I,0.559,0.451,0.135,0.8562,0.3977,0.2023,0.2368,10
M,0.427,0.334,0.099,0.3422,0.1666,0.0797,0.1143,10
F,0.445,0.32,0.123,0.4182,0.1631,0.058,0.1472,9
F,0.646,0.505,0.187,1.2845,0.5775,0.2978,0.4168,11
F,0.559,0.426,0.105,0.7593,0.2763,0.173,0.2162,8
I,0.568,0.468,0.127,0.9471,0.3444,0.2136,0.3085,8
F,0.7,0.562,0.191,1.7733,0.7592,0.3332,0.4946,16
F,0.536,0.401,0.13,0.4914,0.1731,0.1266,0.1756,11
F,0.501,0.394,0.129,0.5624,0.3103,0.1444,0.1137,5
I,0.268,0.21,0.075,0.0972,0.0474,0.0275,0.0433,9
M,0.565,0.419,0.142,0.9215,0.3787,0.2005,0.2851,12
M,0.691,0.557,0.188,1.716,0.7735,0.4003,0.4485,13
M,0.237,0.191,0.056,0.0865,0.0367,0.0147,0.0194,7
F,0.41,0.337,0.125,0.4431,0.156,0.1053,0.1027,8
M,0.424,0.317,0.096,0.2791,0.1451,0.0247,0.0896,8
M,0.568,0.425,0.187,1.0161,0.3523,0.271,0.2644,16
I,0.502,0.375,0.115,0.5001,0.1825,0.0987,0.1201,11
F,0.337,0.264,0.068,0.1727,0.0835,0.0378,0.0512,6
I,0.345,0.269,0.117,0.1808,0.0522,0.0442,0.0767,9
M,0.497,0.383,0.129,0.6396,0.3198,0.1583,0.134,8
M,0.704,0.544,0.181,1.7216,0.6367,0.3413,0.5269,19
I,0.609,0.446,0.166,1.1371,0.5535,0.2338,0.2834,11
F,0.678,0.53,0.165,1.5065,0.6472,0.3101,0.4649,13
F,0.382,0.287,0.085,0.1926,0.1163,0.0536,0.0381,4
I,0.605,0.469,0.123,0.9058,0.5411,0.2731,0.1987,7
I,0.552,0.444,0.163,0.7527,0.3093,0.1526,0.239,9
M,0.514,0.405,0.157,0.7388,0.3033,0.138,0.286,12
F,0.604,0.463,0.165,0.7274,0.3809,0.2081,0.1695,12
M,0.603,0.505,0.182,1.3711,0.5406,0.2813,0.4133,10
F,0.559,0.441,0.174,1.0072,0.4526,0.18,0.3116,13
I,0.469,0.362,0.089,0.379,0.2021,0.0839,0.1033,6
F,0.654,0.517,0.196,1.4681,0.5349,0.3002,0.4623,13
I,0.229,0.149,0.075,0.0503,0.016,0.0073,0.0402,9
I,0.492,0.378,0.146,0.465,0.1854,0.09,0.1878,12
F,0.537,0.407,0.191,0.6295,0.2433,0.141,0.2168,14
M,0.504,0.425,0.143,0.7523,0.2376,0.1596,0.2833,12
M,0.578,0.46,0.171,1.1132,0.5958,0.2635,0.2739,12
F,0.602,0.485,0.2,1.0914,0.5285,0.1905,0.3356,11
M,0.621,0.503,0.156,1.3498,0.6749,0.2318,0.3959,11
M,0.256,0.196,0.087,0.0887,0.0206,0.0175,0.051,6
M,0.518,0.416,0.143,0.8169,0.3611,0.1598,0.2284,9
I,0.556,0.414,0.107,0.66,0.2524,0.1565,0.1916,8
I,0.357,0.261,0.096,0.2459,0.0985,0.0466,0.141,11
M,0.612,0.471,0.137,1.0787,0.53,0.2214,0.3152,10
M,0.563,0.472,0.14,1.0082,0.5325,0.2207,0.2283,6
I,0.542,0.426,0.144,0.9217,0.3167,0.1692,0.3254,16
M,0.674,0.553,0.214,1.7138,0.7337,0.3947,0.4778,16
I,0.351,0.276,0.088,0.24,0.0813,0.0568,0.0918,6
F,0.649,0.524,0.201,1.3188,0.6025,0.3351,0.4208,12
M,0.617,0.487,0.142,1.2117,0.6097,0.2213,0.2736,6
F,0.517,0.367,0.132,0.5011,0.1686,0.099,0.2163,11
F,0.58,0.439,0.154,0.9904,0.4335,0.2221,0.2573,9
I,0.414,0.267,0.057,0.2752,0.1393,0.0663,0.0807,5
I,0.455,0.356,0.107,0.5822,0.2085,0.1443,0.1304,9
F,0.577,0.481,0.136,0.9005,0.3945,0.189,0.2891,16
M,0.498,0.375,0.127,0.6348,0.314,0.0923,0.1862,6
F,0.586,0.488,0.166,1.2083,0.4327,0.2577,0.3528,13
M,0.684,0.542,0.213,1.6206,0.7096,0.3507,0.427,10
F,0.483,0.383,0.125,0.5617,0.2466,0.1344,0.228,11
F,0.613,0.475,0.134,1.2559,0.4692,0.2308,0.3923,11
M,0.548,0.443,0.157,0.9324,0.3352,0.2301,0.315,10
F,0.423,0.319,0.095,0.3144,0.1569,0.0641,0.0764,7
I,0.609,0.449,0.116,0.7717,0.2844,0.1975,0.2689,7
M,0.628,0.499,0.145,1.2248,0.5343,0.2721,0.3479,10
I,0.432,0.32,0.102,0.4278,0.1521,0.0682,0.1407,8
M,0.562,0.445,0.159,0.9134,0.4131,0.2076,0.2426,10
I,0.56,0.438,0.131,0.9784,0.4968,0.1948,0.1864,8
M,0.622,0.469,0.184,1.4585,0.5712,0.325,0.423,13
I,0.544,0.439,0.151,1.1788,0.5097,0.2759,0.3347,13
M,0.634,0.513,0.194,1.4624,0.5507,0.3485,0.3907,13
I,0.553,0.437,0.168,0.9947,0.3385,0.2438,0.2799,11
F,0.586,0.455,0.147,1.083,0.4096,0.2063,0.2599,8
I,0.399,0.288,0.12,0.3905,0.165,0.0988,0.1355,13
I,0.53,0.371,0.115,0.5872,0.27,0.1422,0.2355,8
I,0.391,0.3,0.098,0.2924,0.142,0.0885,0.0568,6
F,0.57,0.42,0.148,0.9371,0.3955,0.2342,0.2415,8
F,0.553,0.44,0.164,0.8251,0.3622,0.1926,0.2337,11
I,0.627,0.498,0.174,1.3432,0.6845,0.2914,0.3014,11
F,0.487,0.387,0.108,0.6257,0.3063,0.1075,0.1467,4
F,0.602,0.497,0.174,1.4345,0.6391,0.2886,0.3651,12
I,0.583,0.463,0.134,0.8144,0.3326,0.1495,0.254,10
I,0.358,0.269,0.086,0.1924,0.0978,0.0391,0.0703,5
M,0.728,0.569,0.205,2.0132,1.0208,0.4637,0.4926,14
F,0.616,0.501,0.171,1.3406,0.6079,0.3033,0.3099,13
M,0.753,0.587,0.262,2.2746,1.0913,0.5459,0.6496,13
M,0.619,0.487,0.148,1.366,0.6424,0.3471,0.3384,10
I,0.464,0.386,0.127,0.6503,0.3336,0.1089,0.2068,11
F,0.54,0.44,0.146,0.6616,0.2066,0.1702,0.2398,13
M,0.629,0.505,0.172,0.9996,0.5435,0.2095,0.2753,9
M,0.642,0.522,0.207,1.6152,0.6267,0.3637,0.5108,17
F,0.515,0.411,0.141,0.6799,0.2953,0.148,0.2322,7
F,0.563,0.446,0.148,0.9605,0.4153,0.2383,0.2623,6
I,0.089,0.082,0.073,0.0299,0.0073,0.0047,0.0158,7
F,0.541,0.392,0.173,0.8214,0.3907,0.2026,0.2428,8
F,0.583,0.445,0.157,0.8458,0.2926,0.2126,0.2334,7
I,0.384,0.27,0.089,0.2622,0.1224,0.0795,0.0442,5
M,0.675,0.52,0.192,1.5417,0.6942,0.3281,0.4279,11
M,0.613,0.481,0.18,1.2256,0.423,0.3048,0.3951,17
M,0.712,0.573,0.192,1.8677,0.872,0.4326,0.5237,13
M,0.673,0.53,0.164,1.4658,0.7906,0.3578,0.3045,8
M,0.664,0.529,0.187,1.316,0.5478,0.2746,0.3911,11
F,0.637,0.517,0.179,1.3048,0.4566,0.3128,0.4353,14
I,0.435,0.302,0.074,0.2035,0.0703,0.0487,0.0859,9
F,0.598,0.478,0.143,1.1549,0.497,0.2132,0.3354,13
M,0.592,0.475,0.143,0.9974,0.3716,0.2413,0.2547,8
M,0.572,0.448,0.138,1.1382,0.4946,0.2378,0.3147,9
F,0.515,0.381,0.109,0.5309,0.1701,0.1002,0.1874,9
F,0.631,0.521,0.176,1.4595,0.5433,0.2663,0.4662,18
M,0.579,0.454,0.154,0.9201,0.2875,0.1818,0.2765,13
M,0.406,0.29,0.08,0.2451,0.1127,0.0361,0.0829,6
I,0.449,0.35,0.106,0.4118,0.1934,0.0955,0.1503,7
M,0.377,0.298,0.101,0.3783,0.1476,0.073,0.109,11
M,0.443,0.333,0.109,0.2803,0.1263,0.0698,0.0918,8
M,0.585,0.44,0.172,0.9172,0.3717,0.2023,0.2255,12
I,0.347,0.263,0.089,0.2075,0.0857,0.0387,0.0503,8
I,0.39,0.291,0.106,0.2864,0.1573,0.0632,0.0919,5
I,0.572,0.453,0.146,0.8642,0.4115,0.1593,0.2618,9
F,0.398,0.339,0.104,0.3789,0.1703,0.0857,0.1333,8
F,0.352,0.277,0.087,0.1739,0.0971,0.0216,0.052,7
I,0.214,0.161,0.091,0.0494,0.0149,0.0149,0.0301,7
I,0.607,0.485,0.139,1.0253,0.4188,0.2103,0.2893,7
F,0.5,0.405,0.139,0.5795,0.284,0.1094,0.1913,7
M,0.655,0.5,0.195,1.3538,0.5409,0.2894,0.4382,17
M,0.618,0.515,0.135,1.2219,0.5136,0.2282,0.286,10
M,0.671,0.506,0.223,1.6503,0.7418,0.3871,0.4573,16
F,0.53,0.402,0.13,0.6556,0.2772,0.1292,0.2034,9
I,0.461,0.32,0.124,0.4106,0.152,0.0769,0.1558,10
F,0.746,0.59,0.205,2.2254,1.0875,0.5002,0.6154,13
M,0.496,0.363,0.085,0.4702,0.1688,0.1166,0.1424,5
I,0.503,0.397,0.107,0.6688,0.3369,0.1126,0.2307,8
M,0.698,0.565,0.192,1.9737,0.7895,0.3929,0.5829,15
M,0.634,0.501,0.169,1.1378,0.439,0.2307,0.3679,10
I,0.658,0.521,0.128,1.3935,0.5799,0.2554,0.4126,11
M,0.579,0.456,0.14,1.0369,0.4301,0.2546,0.2619,9
M,0.571,0.471,0.166,0.9603,0.4319,0.1918,0.3162,12
F,0.473,0.338,0.132,0.4186,0.1499,0.0907,0.1648,14
I,0.58,0.454,0.128,0.9165,0.3602,0.2077,0.2414,8
I,0.317,0.23,0.101,0.153,0.089,0.0393,0.0579,5
F,0.543,0.442,0.17,1.0406,0.3857,0.219,0.3396,12
F,0.65,0.525,0.157,1.5484,0.7606,0.2798,0.384,12
M,0.622,0.485,0.177,1.2902,0.5128,0.2585,0.4306,13
F,0.655,0.504,0.162,1.4518,0.6353,0.2852,0.4101,12
F,0.397,0.322,0.105,0.4451,0.1898,0.126,0.1218,11
M,0.331,0.296,0.085,0.4223,0.2285,0.0613,0.1001,6
M,0.48,0.384,0.171,0.6701,0.2977,0.1124,0.2095,6
M,0.539,0.418,0.163,0.8594,0.3813,0.2219,0.207,5
M,0.675,0.539,0.227,1.8255,0.8311,0.3871,0.5366,16
I,0.296,0.238,0.095,0.1926,0.1051,0.0323,0.0637,11
M,0.696,0.551,0.203,1.7138,0.7456,0.3648,0.5056,14
M,0.547,0.41,0.141,1.0516,0.4157,0.2321,0.2772,12
F,0.593,0.447,0.125,1.0176,0.434,0.2019,0.1893,6
I,0.315,0.217,0.078,0.1885,0.0782,0.0339,0.0515,8
I,0.566,0.452,0.162,1.0204,0.4871,0.2272,0.2195,13
I,0.582,0.479,0.131,1.1255,0.4944,0.3195,0.323,9
M,0.63,0.471,0.161,1.1026,0.4785,0.2738,0.2853,13
M,0.589,0.466,0.177,1.0159,0.5372,0.2293,0.2475,14
M,0.589,0.48,0.166,0.9231,0.4245,0.1777,0.294,9
M,0.551,0.45,0.154,0.7447,0.3614,0.164,0.2071,9
F,0.455,0.368,0.117,0.3987,0.18,0.0706,0.16,8
M,0.555,0.462,0.174,1.0775,0.397,0.208,0.341,11
I,0.438,0.323,0.119,0.5167,0.2151,0.1068,0.1625,8
M,0.46,0.371,0.1,0.4296,0.1802,0.0736,0.1308,7
M,0.629,0.504,0.191,1.2061,0.5182,0.2355,0.3347,9
I,0.407,0.273,0.079,0.2116,0.1584,0.0532,0.0503,4
I,0.307,0.249,0.088,0.1751,0.0978,0.0226,0.0737,5
M,0.726,0.584,0.245,2.0734,0.8789,0.4991,0.5803,17
I,0.552,0.45,0.168,1.0712,0.5189,0.232,0.2613,8
F,0.511,0.399,0.142,0.5452,0.1919,0.1047,0.247,12
M,0.71,0.563,0.22,1.9176,0.8167,0.4004,0.6241,20
I,0.422,0.315,0.089,0.2789,0.1786,0.0471,0.071,5
M,0.485,0.355,0.131,0.4471,0.2759,0.0622,0.1351,8
F,0.563,0.437,0.13,0.8998,0.438,0.1997,0.1988,8
F,0.607,0.482,0.159,0.9887,0.461,0.2263,0.2286,7
M,0.568,0.438,0.157,0.8785,0.2954,0.1914,0.2816,7
I,0.512,0.377,0.137,0.4478,0.1686,0.13,0.1598,7
I,0.456,0.311,0.12,0.35,0.1583,0.0613,0.1099,8
I,0.631,0.472,0.171,1.2398,0.5578,0.3075,0.3449,7
F,0.596,0.453,0.135,0.7947,0.3183,0.1396,0.2561,12
F,0.519,0.398,0.127,0.7057,0.3474,0.1306,0.2143,10
M,0.689,0.537,0.174,1.5254,0.7039,0.3055,0.3885,10
I,0.392,0.306,0.083,0.2944,0.0928,0.0677,0.0968,7
F,0.436,0.372,0.128,0.5164,0.242,0.1045,0.1562,9
I,0.352,0.244,0.094,0.1807,0.0981,0.0372,0.0596,6
M,0.697,0.557,0.187,1.8342,0.8306,0.2917,0.564,12
I,0.574,0.472,0.157,0.8592,0.4021,0.215,0.2351,9
M,0.648,0.52,0.2,1.3539,0.615,0.2611,0.3822,12
M,0.632,0.493,0.164,1.1702,0.4774,0.233,0.3421,14
M,0.647,0.494,0.178,1.2529,0.6323,0.3398,0.2973,10
I,0.618,0.466,0.17,1.3433,0.6315,0.2889,0.3657,12
F,0.608,0.46,0.179,1.0835,0.4662,0.2786,0.2751,9
I,0.634,0.51,0.17,1.345,0.626,0.3091,0.3401,9
I,0.428,0.328,0.096,0.3859,0.1694,0.0626,0.1484,10
I,0.453,0.351,0.109,0.3673,0.1282,0.0823,0.1299,10
F,0.525,0.39,0.143,0.5582,0.1955,0.124,0.1692,9
M,0.468,0.339,0.118,0.4064,0.1748,0.0865,0.0832,6
F,0.514,0.409,0.166,0.8761,0.3203,0.1767,0.2591,12
F,0.447,0.309,0.135,0.491,0.2691,0.108,0.1296,5
I,0.519,0.39,0.126,0.5814,0.2311,0.1268,0.1517,6
F,0.457,0.383,0.108,0.5033,0.231,0.105,0.1363,8
I,0.366,0.305,0.117,0.19,0.0797,0.0344,0.0898,11
I,0.274,0.239,0.068,0.1076,0.0442,0.0311,0.0342,6
I,0.584,0.448,0.15,1.0185,0.5091,0.2039,0.2553,11
I,0.251,0.167,0.083,0.1007,0.0468,0.0306,0.0236,8
F,0.683,0.548,0.17,1.5688,0.6862,0.251,0.4654,9
F,0.429,0.341,0.097,0.2726,0.1572,0.0853,0.0559,6
M,0.507,0.374,0.148,0.5211,0.1848,0.1442,0.1672,10
I,0.668,0.525,0.179,1.3726,0.6228,0.3026,0.43,15
F,0.502,0.441,0.153,0.7409,0.2571,0.1369,0.2405,13
M,0.552,0.43,0.139,0.8084,0.3764,0.2153,0.2204,7
I,0.355,0.308,0.111,0.1756,0.0588,0.0455,0.0684,9
I,0.523,0.382,0.136,0.6075,0.2285,0.1601,0.2073,10
I,0.657,0.517,0.209,1.5063,0.5705,0.2954,0.4714,13
F,0.462,0.36,0.088,0.3293,0.1406,0.0763,0.0874,6
F,0.447,0.312,0.157,0.4065,0.1991,0.073,0.1563,7
M,0.715,0.559,0.243,1.9755,0.9147,0.392,0.6067,17
M,0.582,0.456,0.171,0.91,0.4185,0.2175,0.2792,9
I,0.532,0.391,0.123,0.6618,0.3404,0.1405,0.189,9
F,0.594,0.444,0.17,1.0688,0.4068,0.2206,0.3472,11
F,0.543,0.43,0.122,0.9354,0.323,0.1831,0.2704,8
I,0.393,0.318,0.103,0.3189,0.1461,0.0702,0.0912,5
F,0.317,0.257,0.073,0.1903,0.0732,0.0439,0.0695,7
M,0.553,0.395,0.148,0.8159,0.3817,0.223,0.1867,4
I,0.445,0.331,0.102,0.2954,0.1216,0.0766,0.1059,6
I,0.547,0.413,0.152,0.8549,0.3396,0.1296,0.2433,12
I,0.508,0.394,0.129,0.4667,0.2038,0.1301,0.114,10
I,0.419,0.3,0.103,0.2465,0.1605,0.0582,0.057,8
I,0.554,0.419,0.157,0.8567,0.3274,0.1971,0.2686,7
F,0.562,0.427,0.126,0.8151,0.3506,0.1499,0.1909,7
I,0.521,0.409,0.105,0.6083,0.2399,0.1427,0.1767,10
I,0.305,0.23,0.063,0.0951,0.0271,0.0101,0.0465,6
I,0.412,0.3,0.107,0.2405,0.0941,0.0533,0.0824,6
M,0.409,0.294,0.12,0.3419,0.1108,0.0708,0.1062,11
F,0.686,0.547,0.252,1.7505,0.716,0.357,0.5456,15
M,0.674,0.521,0.204,1.7598,0.725,0.4009,0.533,14
F,0.528,0.404,0.175,0.8748,0.3868,0.2106,0.2659,8
F,0.589,0.468,0.118,1.0452,0.4176,0.2586,0.2549,9
M,0.47,0.339,0.125,0.4849,0.2088,0.1023,0.1437,7
M,0.551,0.433,0.16,0.7713,0.3316,0.1563,0.2325,10
M,0.566,0.432,0.166,0.8271,0.3575,0.1811,0.2155,8
M,0.493,0.345,0.144,0.6917,0.3612,0.1352,0.1551,7
I,0.507,0.409,0.112,0.5181,0.2173,0.0912,0.1416,8
F,0.466,0.361,0.106,0.5424,0.2286,0.0817,0.1608,7
I,0.382,0.272,0.111,0.2406,0.1104,0.0257,0.1077,7
I,0.382,0.283,0.099,0.2036,0.1191,0.0404,0.067,7
M,0.572,0.462,0.145,1.0006,0.4545,0.2182,0.3003,10
F,0.577,0.438,0.155,0.7287,0.2937,0.1459,0.3103,15
F,0.648,0.506,0.163,1.4055,0.6377,0.2643,0.3337,7
I,0.554,0.419,0.119,0.7996,0.3379,0.2008,0.1976,7
I,0.566,0.447,0.154,0.9953,0.4021,0.2124,0.269,13
F,0.542,0.399,0.153,0.9114,0.2996,0.2158,0.2831,12
M,0.462,0.36,0.124,0.3946,0.1374,0.0832,0.1607,7
F,0.399,0.335,0.104,0.2818,0.1397,0.0453,0.102,12
M,0.719,0.558,0.177,1.7671,0.7494,0.3832,0.488,10
I,0.316,0.276,0.07,0.1186,0.0649,0.0308,0.0191,4
I,0.44,0.282,0.106,0.3818,0.1742,0.0801,0.084,4
F,0.423,0.353,0.082,0.2729,0.1142,0.0748,0.0887,7
F,0.495,0.418,0.134,0.6986,0.331,0.1241,0.2071,10
I,0.39,0.31,0.09,0.3179,0.1277,0.0632,0.0928,7
F,0.561,0.428,0.138,0.6586,0.3216,0.1709,0.1835,8
M,0.534,0.428,0.143,0.6784,0.2651,0.1565,0.2066,16
M,0.589,0.493,0.178,1.013,0.4249,0.1964,0.3129,12
M,0.694,0.531,0.213,1.4938,0.5724,0.3987,0.4375,15
M,0.633,0.51,0.193,1.2914,0.4893,0.2788,0.4588,18
M,0.558,0.458,0.149,0.9512,0.2851,0.2163,0.2843,16
M,0.64,0.499,0.184,1.2038,0.5786,0.2794,0.2942,10
M,0.637,0.497,0.166,1.2686,0.4904,0.286,0.3535,13
F,0.383,0.306,0.094,0.3625,0.1695,0.0634,0.0785,7
F,0.563,0.459,0.154,1.1487,0.5715,0.1961,0.2216,11
M,0.534,0.448,0.132,0.8185,0.3319,0.1168,0.2822,10
F,0.513,0.406,0.125,0.5456,0.2246,0.1351,0.1807,12
I,0.534,0.42,0.149,0.9145,0.3675,0.1812,0.279,8
M,0.228,0.175,0.112,0.1128,0.017,0.0392,0.0431,10
F,0.683,0.522,0.219,1.9173,0.965,0.4077,0.5161,10
I,0.604,0.488,0.122,0.9716,0.5396,0.2076,0.2508,8
I,0.555,0.442,0.135,0.6871,0.2415,0.1342,0.243,14
I,0.331,0.27,0.081,0.2137,0.1022,0.0395,0.0808,6
M,0.677,0.526,0.229,1.4823,0.5738,0.3474,0.4542,12
M,0.486,0.359,0.166,0.718,0.2897,0.1455,0.2028,9
M,0.569,0.44,0.142,0.7118,0.3451,0.2439,0.1986,7
F,0.455,0.39,0.139,0.4096,0.1546,0.1425,0.1567,10
M,0.621,0.511,0.173,1.3243,0.5828,0.3355,0.3542,8
M,0.69,0.557,0.192,1.851,0.8481,0.4677,0.4819,9
F,0.615,0.472,0.168,1.1922,0.5971,0.22,0.3457,9
I,0.734,0.596,0.246,2.3181,0.9578,0.5211,0.738,18
F,0.652,0.5,0.18,1.1594,0.4066,0.2398,0.4204,18
I,0.384,0.258,0.103,0.1963,0.1022,0.0365,0.0795,9
M,0.579,0.46,0.112,1.0673,0.3978,0.2536,0.3039,12
F,0.612,0.49,0.184,1.3915,0.6215,0.2858,0.3886,9
I,0.337,0.246,0.077,0.2099,0.0886,0.0317,0.0711,7
M,0.655,0.505,0.185,1.3732,0.6986,0.3074,0.3226,9
M,0.689,0.558,0.204,1.7341,0.824,0.3411,0.4836,14
I,0.368,0.263,0.092,0.1966,0.0832,0.0429,0.065,7
F,0.64,0.491,0.186,1.3708,0.5928,0.2772,0.4232,12
I,0.386,0.297,0.132,0.4148,0.1696,0.0732,0.1696,9
I,0.24,0.18,0.077,0.0635,0.0212,0.0038,0.0564,6
F,0.481,0.375,0.114,0.3463,0.1281,0.0762,0.1417,9
I,0.654,0.526,0.166,1.4769,0.7074,0.318,0.3745,14
I,0.331,0.277,0.097,0.1903,0.0575,0.0438,0.1052,16
F,0.395,0.315,0.11,0.4718,0.2453,0.1073,0.1075,11
M,0.442,0.356,0.095,0.5259,0.265,0.09,0.1703,10
M,0.638,0.485,0.13,1.1807,0.5462,0.2443,0.2912,10
I,0.217,0.141,0.063,0.0745,0.0238,0.0091,0.0236,5
M,0.518,0.413,0.133,0.8075,0.3098,0.1918,0.2432,9
I,0.626,0.484,0.186,1.1816,0.5127,0.2277,0.3609,11
F,0.538,0.392,0.145,0.6467,0.266,0.1042,0.2508,11
F,0.388,0.306,0.082,0.3251,0.1974,0.0486,0.0788,4
M,0.426,0.335,0.1,0.3059,0.1335,0.0481,0.1193,6
M,0.566,0.397,0.11,0.7112,0.3072,0.1245,0.2007,7
F,0.482,0.382,0.112,0.4277,0.1586,0.0663,0.1943,9
M,0.602,0.485,0.162,1.1095,0.4999,0.2697,0.3529,12
F,0.505,0.394,0.133,0.5692,0.2416,0.14,0.1715,6
I,0.491,0.382,0.113,0.5558,0.2719,0.132,0.1627,6
I,0.684,0.556,0.194,1.5725,0.7212,0.3596,0.4118,15
I,0.205,0.152,0.084,0.064,0.018,0.0226,0.0328,5
M,0.48,0.392,0.109,0.6678,0.2751,0.125,0.1897,6
I,0.445,0.348,0.078,0.3907,0.146,0.1144,0.1127,10
I,0.319,0.249,0.092,0.1751,0.1024,0.0376,0.056,7
M,0.564,0.442,0.134,0.84,0.4084,0.212,0.1853,7
I,0.441,0.334,0.1,0.4273,0.2109,0.094,0.1036,6
I,0.56,0.441,0.162,1.0065,0.4473,0.1992,0.2533,10
F,0.662,0.527,0.19,1.4008,0.619,0.3068,0.3749,13
M,0.525,0.416,0.153,0.8535,0.3232,0.1352,0.3073,12
I,0.211,0.161,0.073,0.0599,0.0287,0.0148,0.0227,10
M,0.702,0.551,0.192,1.7406,0.7877,0.3545,0.5185,17
I,0.419,0.331,0.105,0.524,0.1995,0.072,0.2108,12
M,0.572,0.46,0.144,0.8698,0.3043,0.1869,0.2849,17
I,0.553,0.408,0.13,0.6191,0.2286,0.1175,0.1901,8
I,0.317,0.265,0.093,0.1393,0.0399,0.0322,0.0816,11
F,0.63,0.499,0.183,1.1821,0.5548,0.2475,0.3308,20
F,0.64,0.531,0.18,1.3926,0.5137,0.2684,0.4563,10
M,0.581,0.47,0.145,0.6605,0.2994,0.1605,0.2475,10
I,0.608,0.461,0.177,1.0556,0.4964,0.1869,0.3488,13
F,0.435,0.322,0.113,0.3306,0.1534,0.0579,0.0965,9
I,0.296,0.22,0.084,0.1667,0.0719,0.0224,0.0458,13
F,0.502,0.364,0.115,0.5406,0.2482,0.1066,0.1911,7
F,0.775,0.622,0.294,2.6112,1.1811,0.5994,0.8319,16
I,0.396,0.276,0.094,0.2709,0.092,0.058,0.0821,7
I,0.517,0.396,0.113,0.7566,0.3045,0.1695,0.1874,9
F,0.497,0.389,0.106,0.595,0.2377,0.157,0.143,11
M,0.543,0.442,0.148,1.0364,0.4134,0.2546,0.2735,13
F,0.355,0.281,0.102,0.2719,0.0984,0.0618,0.0914,6
M,0.592,0.473,0.135,0.947,0.3487,0.1866,0.2843,11
I,0.519,0.386,0.094,0.5807,0.2724,0.0965,0.1417,7
F,0.262,0.235,0.076,0.1109,0.0334,0.0327,0.0376,8
M,0.407,0.304,0.086,0.2668,0.133,0.043,0.1055,11
M,0.621,0.5,0.207,1.3573,0.5074,0.2941,0.3917,22
F,0.626,0.484,0.188,1.1752,0.5628,0.3107,0.4237,8
M,0.651,0.512,0.186,1.2633,0.4528,0.3003,0.3867,12
I,0.45,0.346,0.11,0.4881,0.2234,0.0976,0.1406,8
F,0.583,0.464,0.151,0.8753,0.3404,0.2026,0.2133,13
I,0.43,0.308,0.116,0.4544,0.1717,0.0965,0.126,8
F,0.576,0.474,0.157,0.8681,0.4051,0.2071,0.2392,8
M,0.458,0.318,0.116,0.3608,0.149,0.1133,0.1075,7
M,0.435,0.319,0.147,0.4261,0.1753,0.1131,0.1364,10
I,0.531,0.414,0.135,0.8059,0.2632,0.1524,0.2685,9
M,0.548,0.422,0.143,0.744,0.2909,0.1683,0.2448,11
M,0.582,0.442,0.133,0.9186,0.3572,0.2157,0.2614,11
M,0.548,0.46,0.157,0.8762,0.3589,0.164,0.2782,16
F,0.278,0.215,0.087,0.0943,0.0399,0.0212,0.0437,8
M,0.555,0.415,0.16,0.8809,0.3287,0.2052,0.2548,11
M,0.532,0.413,0.151,0.7689,0.2935,0.1876,0.2439,17
F,0.694,0.528,0.221,1.7683,0.7602,0.4124,0.5198,12
F,0.504,0.371,0.152,0.7843,0.3342,0.1825,0.2296,14
M,0.601,0.468,0.155,1.0642,0.4885,0.1963,0.3194,11
F,0.595,0.461,0.188,1.09,0.4188,0.2429,0.3824,17
I,0.577,0.431,0.13,0.6809,0.3776,0.1726,0.1236,10
M,0.712,0.58,0.218,2.1667,1.0059,0.431,0.6157,13
I,0.505,0.39,0.147,0.6889,0.288,0.1044,0.1899,9
I,0.689,0.543,0.184,1.4167,0.6232,0.3197,0.3778,10
I,0.552,0.446,0.138,0.8608,0.4237,0.1885,0.2053,10
M,0.578,0.452,0.152,1.0097,0.4606,0.2352,0.291,8
I,0.464,0.371,0.148,0.4853,0.1748,0.0845,0.1858,9
I,0.189,0.12,0.043,0.0546,0.0233,0.0055,0.0163,9
I,0.529,0.422,0.147,0.8986,0.4646,0.1919,0.1921,10
I,0.564,0.435,0.127,0.797,0.3599,0.1751,0.2224,7
M,0.664,0.523,0.206,1.7525,0.7569,0.4062,0.4817,11
M,0.495,0.375,0.102,0.6534,0.2511,0.1542,0.199,8
F,0.571,0.45,0.141,0.7564,0.3621,0.1509,0.2328,9
F,0.566,0.42,0.163,0.8856,0.4276,0.1651,0.2253,11
I,0.63,0.498,0.143,1.1379,0.5011,0.2222,0.3368,10
M,0.769,0.62,0.273,2.4474,1.1156,0.5499,0.7959,16
I,0.283,0.186,0.07,0.1044,0.0438,0.0145,0.0355,6
I,0.545,0.401,0.125,0.8869,0.4378,0.1907,0.1725,8
I,0.432,0.333,0.104,0.3101,0.1162,0.0978,0.129,6
M,0.654,0.536,0.203,1.536,0.7535,0.3828,0.4028,18
I,0.415,0.321,0.132,0.4168,0.1803,0.087,0.1082,9
F,0.417,0.336,0.076,0.2193,0.1762,0.0556,0.0553,4
F,0.537,0.429,0.113,0.4975,0.2234,0.1416,0.1527,8
F,0.544,0.427,0.139,0.728,0.3823,0.1306,0.1919,7
M,0.498,0.379,0.107,0.4142,0.2001,0.0788,0.1065,8
M,0.643,0.519,0.223,1.6305,0.5768,0.3191,0.5251,20
I,0.486,0.369,0.138,0.5446,0.1693,0.1181,0.1822,12
F,0.465,0.366,0.108,0.4392,0.1745,0.1083,0.1487,10
I,0.656,0.526,0.178,1.4832,0.7622,0.3698,0.3343,5
I,0.452,0.368,0.134,0.3189,0.11,0.0829,0.0748,7
M,0.573,0.442,0.149,0.8065,0.286,0.1838,0.2526,12
M,0.498,0.417,0.114,0.6756,0.3021,0.1541,0.2391,13
F,0.556,0.44,0.152,0.8905,0.3837,0.188,0.2234,7
M,0.427,0.328,0.115,0.305,0.1289,0.0428,0.1376,7
I,0.348,0.28,0.077,0.2356,0.1499,0.0372,0.0583,8
I,0.578,0.426,0.164,0.8643,0.3442,0.1386,0.3105,10
I,0.638,0.469,0.147,1.0455,0.5295,0.2317,0.2113,5
M,0.612,0.471,0.186,1.2948,0.4832,0.3273,0.4053,15
M,0.594,0.424,0.18,1.2138,0.4446,0.2917,0.3168,11
F,0.548,0.405,0.126,0.6846,0.3659,0.1457,0.1853,7
I,0.634,0.483,0.152,1.1687,0.5445,0.2309,0.2697,11
M,0.501,0.378,0.15,0.6941,0.3086,0.1323,0.1989,9
F,0.6,0.476,0.153,1.0685,0.5486,0.2537,0.2345,9
I,0.327,0.204,0.058,0.1026,0.0484,0.0137,0.0294,4
F,0.616,0.483,0.184,1.1921,0.5016,0.2592,0.2807,11
M,0.6,0.478,0.133,0.9844,0.4209,0.1567,0.3617,8
M,0.568,0.438,0.15,0.8754,0.3893,0.1538,0.2869,11
I,0.614,0.496,0.179,1.2385,0.449,0.2527,0.4575,15
M,0.526,0.418,0.141,0.7633,0.2886,0.15,0.2572,11
M,0.624,0.516,0.216,1.4865,0.7356,0.3239,0.4516,9
I,0.56,0.43,0.13,0.9644,0.4849,0.203,0.2485,9
F,0.493,0.382,0.126,0.6358,0.3443,0.1055,0.1736,8
F,0.688,0.545,0.206,1.6599,0.6786,0.3079,0.501,16
F,0.619,0.466,0.158,1.1402,0.4522,0.3025,0.3527,17
M,0.683,0.537,0.222,1.7614,0.7622,0.4378,0.473,17
M,0.655,0.506,0.202,1.6856,0.6707,0.2992,0.5063,18
F,0.625,0.484,0.176,1.1682,0.4541,0.2561,0.3441,10
M,0.627,0.511,0.186,1.4265,0.6888,0.2868,0.3736,10
I,0.419,0.342,0.127,0.2305,0.0941,0.0468,0.1106,10
M,0.607,0.486,0.156,1.0997,0.3776,0.1919,0.3758,11
M,0.596,0.444,0.128,1.0749,0.4071,0.1749,0.3209,9
F,0.596,0.465,0.164,1.1247,0.5345,0.2547,0.3195,10
I,0.464,0.341,0.121,0.5876,0.3128,0.1078,0.1744,6
M,0.635,0.496,0.183,1.3139,0.5882,0.3259,0.3496,11
I,0.476,0.325,0.116,0.4183,0.2192,0.0718,0.1306,7
F,0.571,0.464,0.13,0.8084,0.3016,0.1657,0.2353,11
I,0.628,0.503,0.161,1.5586,0.7742,0.3298,0.3786,10
M,0.75,0.592,0.194,1.9618,0.8949,0.438,0.5971,10
M,0.685,0.549,0.224,2.0076,0.8431,0.4091,0.6497,14
M,0.558,0.45,0.141,0.9168,0.3732,0.19,0.2465,14
M,0.616,0.477,0.173,1.0729,0.3891,0.2484,0.3623,17
F,0.651,0.504,0.189,1.2731,0.5412,0.308,0.375,12
M,0.692,0.556,0.221,1.8193,0.7317,0.3968,0.5481,13
I,0.653,0.523,0.177,1.4337,0.5407,0.2963,0.4722,16
F,0.348,0.305,0.105,0.2332,0.0955,0.0404,0.0604,6
I,0.403,0.291,0.112,0.2508,0.1227,0.0326,0.1017,6
F,0.468,0.335,0.112,0.3678,0.1443,0.0655,0.1196,6
I,0.455,0.371,0.12,0.4294,0.1642,0.1049,0.1544,9
F,0.434,0.34,0.102,0.3366,0.1255,0.0902,0.1321,5
F,0.543,0.436,0.123,0.9624,0.4934,0.1523,0.2232,8
I,0.535,0.439,0.134,0.8619,0.4268,0.1724,0.2285,11
M,0.408,0.312,0.116,0.5285,0.2327,0.1019,0.1512,11
M,0.594,0.46,0.151,0.8837,0.3436,0.1975,0.2569,10
M,0.573,0.459,0.132,1.0156,0.4974,0.2194,0.2726,11
I,0.584,0.447,0.141,0.7507,0.2284,0.1704,0.3066,13
M,0.603,0.497,0.164,1.1334,0.4555,0.2408,0.3022,7
I,0.463,0.351,0.124,0.5071,0.189,0.1056,0.144,8
I,0.369,0.293,0.089,0.1207,0.0293,0.0373,0.1021,11
M,0.624,0.484,0.158,1.3424,0.5561,0.2331,0.3612,15
F,0.508,0.386,0.14,0.5926,0.2276,0.1133,0.2363,11
M,0.448,0.375,0.148,0.5273,0.1811,0.126,0.1779,17
F,0.691,0.528,0.203,1.5691,0.7551,0.3608,0.3512,10
M,0.384,0.339,0.096,0.2651,0.1286,0.0727,0.0975,7
I,0.682,0.554,0.229,1.6975,0.7535,0.3948,0.4442,14
F,0.557,0.421,0.141,0.8215,0.3197,0.1365,0.2827,13
M,0.556,0.468,0.177,0.9522,0.3174,0.221,0.2764,9
M,0.718,0.56,0.198,1.6348,0.651,0.3862,0.4597,10
I,0.422,0.319,0.104,0.3413,0.1448,0.0763,0.0896,5
I,0.519,0.414,0.145,0.6331,0.24,0.0901,0.2137,10
I,0.492,0.368,0.133,0.6183,0.3248,0.1156,0.1492,11
M,0.668,0.513,0.175,1.3426,0.6704,0.3043,0.3228,10
F,0.342,0.295,0.09,0.2178,0.0505,0.0391,0.1124,11
M,0.407,0.321,0.134,0.5051,0.1955,0.1185,0.1907,11
F,0.44,0.353,0.116,0.4724,0.1962,0.1049,0.1561,11
F,0.692,0.528,0.19,1.6271,0.9007,0.3226,0.4111,6
F,0.212,0.144,0.065,0.09,0.0395,0.0077,0.0402,6
I,0.617,0.462,0.156,1.2334,0.4916,0.2562,0.2792,11
I,0.65,0.493,0.182,1.2795,0.5757,0.2294,0.3206,11
M,0.752,0.599,0.265,2.2421,1.0649,0.5128,0.7129,17
I,0.509,0.375,0.108,0.5847,0.2329,0.1383,0.2165,6
I,0.661,0.536,0.217,1.7976,0.7463,0.3662,0.4363,11
M,0.575,0.44,0.138,0.8051,0.4009,0.1494,0.1846,9
M,0.649,0.489,0.154,1.1149,0.4289,0.2598,0.3716,10
M,0.544,0.399,0.147,0.7659,0.3307,0.2116,0.2047,8
F,0.638,0.486,0.152,1.1209,0.4719,0.2608,0.3117,9
I,0.344,0.282,0.109,0.2084,0.0749,0.0389,0.1049,9
M,0.513,0.402,0.118,0.8264,0.4122,0.1688,0.2021,11
F,0.679,0.528,0.211,1.8445,0.8678,0.4258,0.4848,10
M,0.721,0.556,0.232,1.8835,0.9241,0.4221,0.4917,10
I,0.633,0.485,0.166,1.4504,0.6097,0.302,0.4527,9
I,0.511,0.413,0.138,0.6851,0.2975,0.1742,0.164,7
I,0.524,0.398,0.161,0.7795,0.2689,0.1985,0.2158,14
M,0.481,0.37,0.103,0.4661,0.2009,0.0982,0.1482,5
M,0.319,0.232,0.085,0.2268,0.1113,0.0503,0.0429,6
F,0.689,0.541,0.175,1.6784,0.7665,0.3291,0.4884,14
M,0.623,0.485,0.186,1.1569,0.5922,0.2567,0.2834,11
M,0.56,0.453,0.141,0.952,0.4137,0.2112,0.2414,11
F,0.511,0.396,0.143,0.6218,0.2549,0.1705,0.1534,9
M,0.546,0.425,0.15,1.0327,0.4807,0.2054,0.2793,9
I,0.531,0.411,0.152,0.7682,0.3257,0.2217,0.2169,8
M,0.462,0.375,0.092,0.6001,0.1902,0.1059,0.1929,9
F,0.517,0.384,0.127,0.6276,0.2583,0.1276,0.1741,10
M,0.537,0.421,0.124,0.6329,0.3727,0.0873,0.1438,6
F,0.59,0.473,0.163,1.0451,0.4168,0.1627,0.349,14
M,0.72,0.574,0.196,1.8855,0.9776,0.4355,0.4887,10
I,0.523,0.397,0.125,0.574,0.3701,0.0929,0.1441,10
I,0.512,0.399,0.113,0.5453,0.2002,0.0989,0.1792,10
I,0.493,0.386,0.136,0.505,0.2352,0.106,0.1092,9
M,0.717,0.545,0.203,1.7029,0.6401,0.4676,0.5574,16
M,0.574,0.485,0.176,0.9802,0.3564,0.1981,0.379,17
F,0.697,0.556,0.267,2.123,0.9844,0.5118,0.5892,13
F,0.209,0.143,0.065,0.0702,0.053,0.0202,0.0181,4
M,0.603,0.465,0.143,0.927,0.4198,0.1322,0.2685,8
F,0.629,0.484,0.189,1.3253,0.5923,0.2767,0.3506,8
I,0.075,0.055,0.042,0.0108,0.0119,0.0035,0.0015,4
M,0.736,0.592,0.217,2.0048,0.7753,0.4575,0.6739,16
F,0.459,0.349,0.133,0.4603,0.1555,0.0683,0.2551,12
I,0.486,0.355,0.133,0.5345,0.2453,0.12,0.1261,8
F,0.607,0.469,0.175,1.1926,0.4115,0.2714,0.4091,12
I,0.452,0.342,0.1,0.4433,0.1973,0.1031,0.1166,8
I,0.207,0.133,0.098,0.0757,0.0334,0.0245,0.0374,7
I,0.535,0.41,0.164,0.8886,0.2507,0.1969,0.3346,14
M,0.448,0.349,0.123,0.3083,0.0826,0.0907,0.1108,10
F,0.587,0.469,0.17,1.13,0.4752,0.1987,0.341,13
M,0.637,0.497,0.157,1.0997,0.5377,0.2854,0.3194,9
I,0.261,0.174,0.068,0.0633,0.0419,0.0266,0.0169,7
M,0.499,0.407,0.117,0.6327,0.2874,0.1152,0.1818,7
I,0.619,0.498,0.15,1.0074,0.5366,0.2269,0.296,10
M,0.428,0.316,0.123,0.3945,0.1339,0.0587,0.1562,8
M,0.588,0.477,0.196,1.2451,0.5102,0.2829,0.4396,13
M,0.633,0.503,0.191,1.6097,0.5827,0.3486,0.5367,18
M,0.741,0.597,0.259,2.319,1.1922,0.5355,0.5855,14
M,0.461,0.342,0.157,0.2483,0.0807,0.064,0.0967,11
I,0.355,0.267,0.056,0.1702,0.0677,0.0219,0.0724,8
F,0.368,0.25,0.07,0.202,0.1178,0.0414,0.0498,5
M,0.667,0.548,0.204,1.598,0.7228,0.3361,0.5464,10
I,0.351,0.251,0.064,0.2306,0.1241,0.0549,0.0642,5
I,0.429,0.344,0.127,0.359,0.1131,0.1106,0.0991,13
F,0.619,0.473,0.125,0.8224,0.4153,0.2078,0.1896,6
I,0.717,0.577,0.204,1.7306,0.71,0.3693,0.5567,14
M,0.487,0.345,0.109,0.5403,0.1899,0.1244,0.1539,12
F,0.597,0.455,0.171,0.9448,0.4283,0.2438,0.2336,11
F,0.628,0.49,0.213,1.2682,0.5704,0.2778,0.3764,10
F,0.573,0.44,0.134,0.9311,0.3938,0.2116,0.2854,11
F,0.613,0.495,0.209,1.4092,0.535,0.3608,0.4005,12
M,0.549,0.395,0.151,0.9191,0.4079,0.1268,0.2494,7
F,0.593,0.469,0.125,1.1372,0.4855,0.2235,0.3012,10
I,0.419,0.346,0.105,0.2989,0.0934,0.0753,0.0926,7
M,0.499,0.399,0.137,0.5986,0.2327,0.1518,0.2046,16
M,0.568,0.448,0.147,1.083,0.4996,0.2948,0.3035,8
F,0.634,0.507,0.169,1.3907,0.6565,0.277,0.3756,10
I,0.497,0.392,0.117,0.4786,0.2053,0.1372,0.1301,7
M,0.554,0.441,0.114,0.8826,0.3799,0.2371,0.2107,9
I,0.535,0.401,0.163,0.7944,0.3099,0.1377,0.2624,12
M,0.549,0.414,0.144,0.491,0.1467,0.1179,0.2098,11
F,0.448,0.372,0.088,0.2185,0.1046,0.0472,0.0746,5
F,0.504,0.398,0.102,0.4078,0.1596,0.085,0.1566,7
F,0.668,0.537,0.204,1.6216,0.6381,0.3029,0.5362,13
M,0.521,0.382,0.149,0.7059,0.2674,0.1098,0.2383,12
I,0.442,0.376,0.164,0.5632,0.2398,0.1065,0.172,8
I,0.142,0.083,0.049,0.0475,0.0228,0.0123,0.0148,4
M,0.499,0.414,0.127,0.6384,0.2909,0.1224,0.1811,7
I,0.454,0.371,0.135,0.5346,0.2031,0.0959,0.1832,10
M,0.567,0.45,0.154,0.8924,0.3249,0.1494,0.3026,12
M,0.653,0.52,0.198,1.4617,0.6245,0.3126,0.3787,10
F,0.523,0.392,0.158,0.6552,0.3326,0.1582,0.1663,11
M,0.412,0.363,0.127,0.3664,0.1939,0.1012,0.0834,7
M,0.364,0.282,0.101,0.2551,0.0721,0.0444,0.1121,10
I,0.652,0.492,0.171,1.5307,0.655,0.2944,0.4691,16
I,0.478,0.397,0.124,0.726,0.2689,0.1478,0.14,10
F,0.522,0.41,0.134,0.655,0.2879,0.1623,0.1916,8
M,0.6,0.462,0.138,1.1243,0.4528,0.2278,0.3705,10
M,0.592,0.474,0.145,0.9996,0.4424,0.1657,0.3094,10
F,0.295,0.228,0.094,0.1471,0.0741,0.0387,0.0513,6
F,0.477,0.371,0.107,0.4465,0.1745,0.0945,0.1531,11
M,0.658,0.531,0.196,1.6504,0.8555,0.3096,0.4353,10
I,0.203,0.159,0.06,0.0553,0.039,0.0138,0.0102,6
M,0.585,0.431,0.164,0.9342,0.4115,0.2105,0.2565,7
I,0.639,0.494,0.147,1.141,0.4999,0.2702,0.3118,9
M,0.365,0.251,0.079,0.2149,0.1052,0.054,0.072,12
M,0.551,0.399,0.154,0.7952,0.4065,0.1796,0.1866,8
M,0.55,0.424,0.153,0.8665,0.334,0.158,0.2823,10
I,0.49,0.377,0.125,0.4827,0.1899,0.0918,0.1281,11
M,0.539,0.439,0.154,0.9685,0.4328,0.2067,0.2772,12
M,0.512,0.404,0.122,0.6081,0.218,0.1412,0.1423,8
M,0.605,0.48,0.187,1.2063,0.5802,0.2527,0.3596,11
M,0.495,0.401,0.144,0.7399,0.2929,0.1611,0.2359,12
I,0.503,0.418,0.128,0.6637,0.259,0.1313,0.1967,10
M,0.515,0.386,0.107,0.5682,0.3059,0.1392,0.1395,6
M,0.641,0.512,0.162,1.1457,0.4446,0.3217,0.3144,15
F,0.568,0.447,0.12,0.7638,0.3597,0.174,0.2895,7
I,0.506,0.402,0.162,0.8279,0.3434,0.1717,0.2053,12
M,0.613,0.495,0.147,1.0926,0.4901,0.2536,0.3185,11
M,0.574,0.467,0.15,1.1128,0.4756,0.2453,0.2483,10
M,0.367,0.302,0.084,0.2198,0.0663,0.0531,0.1006,8
I,0.459,0.33,0.102,0.2831,0.1681,0.0783,0.1056,5
I,0.199,0.152,0.076,0.0804,0.0363,0.008,0.0567,9
F,0.667,0.532,0.195,1.5966,0.6821,0.3562,0.423,14
M,0.538,0.406,0.116,0.6727,0.3228,0.1755,0.194,13
F,0.525,0.383,0.129,0.595,0.2244,0.1026,0.2149,10
M,0.551,0.414,0.149,0.8776,0.3703,0.1376,0.2156,12
M,0.311,0.199,0.094,0.2245,0.0883,0.0661,0.0568,10
F,0.425,0.318,0.088,0.4538,0.259,0.0899,0.0997,12
M,0.623,0.494,0.161,1.2501,0.541,0.3344,0.309,12
I,0.49,0.39,0.139,0.5844,0.2643,0.1314,0.1689,7
I,0.486,0.364,0.099,0.4149,0.1871,0.0605,0.121,10
M,0.637,0.497,0.186,1.2114,0.4122,0.3061,0.3871,13
M,0.404,0.303,0.092,0.2898,0.0703,0.0627,0.1622,12
F,0.674,0.531,0.202,1.4826,0.5631,0.3356,0.4479,12
M,0.544,0.444,0.126,0.7973,0.294,0.152,0.2481,15
M,0.678,0.532,0.173,1.69,0.7497,0.4166,0.4507,8
I,0.616,0.472,0.153,1.1392,0.4239,0.2507,0.3397,9
I,0.522,0.346,0.149,0.5974,0.2433,0.0809,0.1668,11
M,0.556,0.441,0.161,0.8499,0.3792,0.2316,0.2259,8
I,0.523,0.386,0.118,0.6049,0.1755,0.1336,0.2285,12
F,0.632,0.501,0.162,1.4297,0.5436,0.3445,0.4251,12
M,0.497,0.381,0.152,0.7074,0.2796,0.1936,0.1876,10
I,0.291,0.23,0.058,0.0795,0.0438,0.0341,0.0177,5
F,0.692,0.56,0.178,1.7735,0.8997,0.3585,0.4753,12
I,0.639,0.512,0.153,1.3397,0.6747,0.2512,0.4229,9
F,0.54,0.442,0.149,0.847,0.404,0.1711,0.2273,11
I,0.511,0.386,0.135,0.5125,0.2533,0.1262,0.138,7
I,0.46,0.377,0.093,0.3726,0.1805,0.0863,0.1095,7
F,0.628,0.509,0.133,1.1834,0.5979,0.1831,0.3258,11
M,0.578,0.467,0.153,0.8607,0.5289,0.1839,0.2048,8
M,0.719,0.578,0.248,2.0238,0.7896,0.3915,0.7079,21
F,0.699,0.543,0.194,1.8287,0.872,0.4019,0.4969,9
F,0.572,0.455,0.16,0.9531,0.4606,0.176,0.26,11
M,0.743,0.588,0.227,2.2864,1.0659,0.4754,0.6963,19
I,0.458,0.375,0.12,0.4012,0.1796,0.1161,0.1078,11
M,0.51,0.409,0.141,0.4066,0.1871,0.099,0.1172,6
M,0.527,0.388,0.17,0.7543,0.305,0.2045,0.2375,13
F,0.636,0.503,0.147,1.2494,0.5687,0.2145,0.3652,13
I,0.529,0.413,0.117,0.8417,0.3793,0.135,0.1926,11
M,0.657,0.528,0.189,1.5292,0.753,0.3288,0.3858,13
M,0.494,0.38,0.151,0.6414,0.2519,0.1359,0.1647,12
M,0.529,0.404,0.139,0.6959,0.3272,0.1454,0.2474,9
M,0.557,0.444,0.172,0.8427,0.3241,0.1707,0.3251,13
M,0.654,0.505,0.189,1.4247,0.5237,0.324,0.4604,14
M,0.347,0.264,0.079,0.2366,0.1693,0.0352,0.0452,5
I,0.577,0.465,0.149,1.0491,0.4632,0.2363,0.3095,12
I,0.743,0.592,0.214,1.9099,0.9761,0.4515,0.5348,11
F,0.361,0.266,0.092,0.357,0.2094,0.0788,0.0831,7
I,0.329,0.281,0.037,0.0786,0.0536,0.0123,0.0254,5
M,0.485,0.398,0.089,0.5352,0.1754,0.1278,0.1688,11
M,0.512,0.423,0.154,0.795,0.3258,0.1606,0.2498,8
F,0.598,0.492,0.157,1.2827,0.5014,0.2595,0.3509,14
M,0.544,0.448,0.138,0.8663,0.3797,0.1919,0.2426,13
M,0.573,0.433,0.154,0.8404,0.4136,0.1432,0.2446,11
M,0.543,0.408,0.123,0.6561,0.4216,0.1489,0.1257,6
I,0.456,0.365,0.104,0.406,0.1854,0.1063,0.1394,10
M,0.571,0.446,0.167,0.8048,0.3026,0.2265,0.2674,14
M,0.6,0.479,0.175,0.9814,0.396,0.249,0.3059,13
F,0.503,0.375,0.119,0.5021,0.2427,0.1195,0.1167,7
M,0.612,0.487,0.148,1.1877,0.5271,0.274,0.2696,7
F,0.528,0.412,0.111,0.6522,0.3534,0.1188,0.1616,8
F,0.537,0.451,0.134,0.7859,0.2586,0.1871,0.2445,12
M,0.566,0.433,0.137,1.0405,0.418,0.2157,0.3109,9
M,0.562,0.446,0.168,0.9474,0.3436,0.1586,0.3171,12
M,0.63,0.525,0.174,1.4844,0.601,0.3302,0.3735,13
M,0.547,0.44,0.145,0.8248,0.338,0.22,0.2241,9
I,0.418,0.341,0.117,0.2929,0.1194,0.0533,0.071,8
I,0.599,0.471,0.158,1.0855,0.4002,0.2254,0.3968,10
F,0.539,0.448,0.147,1.002,0.4056,0.1713,0.2807,12
F,0.633,0.481,0.18,1.3805,0.5321,0.2974,0.4038,14
M,0.693,0.54,0.174,1.5033,0.689,0.4111,0.4716,8
I,0.474,0.315,0.113,0.3723,0.142,0.1123,0.1667,7
I,0.385,0.296,0.118,0.1941,0.0898,0.0378,0.0809,10
I,0.519,0.392,0.127,0.6083,0.2442,0.1309,0.223,9
I,0.347,0.276,0.089,0.3477,0.1266,0.0709,0.1004,11
I,0.396,0.306,0.086,0.2652,0.1294,0.0558,0.0752,6
F,0.627,0.477,0.16,1.2491,0.5682,0.3012,0.2618,7
F,0.428,0.323,0.066,0.2765,0.1127,0.0434,0.0646,6
F,0.21,0.218,0.059,0.0811,0.0345,0.0173,0.0346,7
I,0.451,0.36,0.124,0.4715,0.2105,0.0843,0.1371,7
I,0.451,0.335,0.1,0.479,0.2541,0.1118,0.1052,9
M,0.525,0.406,0.122,0.4959,0.2223,0.0978,0.1511,9
I,0.577,0.459,0.17,1.0723,0.3969,0.2329,0.3119,17
M,0.472,0.373,0.128,0.4404,0.2302,0.1297,0.0946,9
M,0.462,0.373,0.106,0.5954,0.2027,0.1191,0.1802,7
I,0.518,0.406,0.132,0.6086,0.2386,0.1064,0.213,7
I,0.173,0.114,0.038,0.0386,0.0237,0.007,0.0064,3
M,0.621,0.512,0.183,1.2666,0.6064,0.3012,0.3003,12
I,0.497,0.378,0.113,0.4837,0.2051,0.11,0.1538,9
M,0.598,0.471,0.179,1.0688,0.4252,0.2286,0.3191,9
M,0.538,0.433,0.133,0.7515,0.3299,0.1698,0.2008,13
F,0.642,0.507,0.153,1.3729,0.5873,0.2775,0.4035,10
M,0.57,0.424,0.159,0.9875,0.3599,0.1801,0.2761,14
I,0.348,0.266,0.138,0.3797,0.1898,0.0984,0.0979,7
I,0.51,0.405,0.137,0.4976,0.2769,0.0852,0.171,11
I,0.6,0.47,0.159,0.9984,0.4895,0.2321,0.2902,8
I,0.075,0.055,0.001,0.0041,0.0033,0.0006,0.0015,4
M,0.642,0.504,0.202,1.4386,0.588,0.3388,0.4376,16
I,0.315,0.273,0.068,0.1962,0.0559,0.0505,0.0653,8
I,0.618,0.49,0.175,1.1157,0.3699,0.2697,0.4456,15
M,0.332,0.226,0.093,0.1563,0.0554,0.0407,0.0576,9
F,0.545,0.406,0.142,0.746,0.3112,0.1736,0.2572,11
F,0.672,0.53,0.191,1.6607,0.7926,0.3517,0.4265,10
F,0.634,0.496,0.16,1.1494,0.5798,0.2899,0.2822,7
F,0.323,0.218,0.07,0.1168,0.0367,0.0221,0.0587,8
M,0.573,0.45,0.156,1.1707,0.5076,0.2695,0.3927,13
M,0.562,0.439,0.155,0.7079,0.2642,0.1739,0.2022,8
I,0.545,0.408,0.119,0.5587,0.2855,0.1313,0.1465,6
F,0.522,0.395,0.151,0.4906,0.1822,0.1168,0.1337,7
F,0.611,0.474,0.143,0.9833,0.4572,0.1729,0.3176,11
I,0.327,0.247,0.085,0.192,0.0895,0.024,0.055,7
F,0.485,0.388,0.126,0.428,0.2362,0.065,0.1366,8
I,0.417,0.313,0.091,0.2661,0.1189,0.061,0.0862,8
I,0.601,0.486,0.157,0.879,0.3449,0.1965,0.2255,11
I,0.352,0.28,0.101,0.2733,0.1037,0.0559,0.0948,8
M,0.56,0.449,0.158,0.789,0.3385,0.1537,0.2907,10
I,0.512,0.379,0.154,0.5781,0.2743,0.1561,0.1656,6
I,0.331,0.255,0.066,0.1428,0.0901,0.0417,0.0357,5
F,0.709,0.579,0.224,1.8503,0.7291,0.3472,0.6254,21
I,0.546,0.417,0.127,0.7835,0.3486,0.1796,0.2138,11
I,0.451,0.363,0.139,0.4825,0.2562,0.0957,0.1513,11
I,0.511,0.398,0.135,0.6821,0.2535,0.1091,0.2253,9
M,0.656,0.529,0.194,1.6849,0.8289,0.3682,0.4713,12
I,0.308,0.222,0.076,0.1926,0.0985,0.0291,0.0541,6
F,0.62,0.493,0.19,1.4058,0.6058,0.3176,0.4051,8
I,0.612,0.466,0.174,1.0198,0.4655,0.2205,0.2697,8
I,0.671,0.506,0.197,1.7449,0.798,0.365,0.4946,11
M,0.733,0.593,0.244,2.1734,0.9861,0.5471,0.5756,21
I,0.543,0.438,0.167,0.6399,0.3927,0.1616,0.1536,8
I,0.573,0.433,0.151,0.8079,0.3871,0.1637,0.2339,13
F,0.413,0.286,0.121,0.3761,0.1557,0.071,0.0996,9
F,0.472,0.358,0.127,0.6387,0.252,0.1353,0.1544,11
F,0.629,0.508,0.181,1.2078,0.4367,0.2854,0.3944,19
I,0.392,0.306,0.102,0.2788,0.1131,0.0481,0.0832,9
M,0.406,0.309,0.068,0.2344,0.1101,0.0696,0.0374,9
I,0.549,0.433,0.127,0.8225,0.41,0.1822,0.2112,5
M,0.634,0.478,0.186,1.246,0.4445,0.3305,0.3121,13
M,0.512,0.4,0.114,0.5272,0.2471,0.0873,0.1589,8
F,0.655,0.524,0.18,1.4797,0.76,0.2685,0.3596,9
I,0.326,0.291,0.079,0.1969,0.0584,0.0448,0.0601,5
F,0.402,0.344,0.091,0.4206,0.2216,0.078,0.0957,7
M,0.614,0.474,0.137,1.2761,0.6058,0.2994,0.2548,10
M,0.653,0.496,0.203,1.5096,0.6622,0.3289,0.4888,14
I,0.267,0.207,0.096,0.1501,0.0534,0.0337,0.0783,10
F,0.553,0.41,0.127,0.7407,0.3983,0.1344,0.1644,6
M,0.333,0.246,0.046,0.1519,0.0607,0.0428,0.0245,7
I,0.291,0.17,0.066,0.144,0.0822,0.029,0.0427,5
M,0.566,0.476,0.182,0.9593,0.4513,0.1902,0.2816,9
M,0.372,0.278,0.067,0.1758,0.0784,0.0478,0.0623,5
M,0.439,0.34,0.116,0.3435,0.0998,0.1192,0.1783,13
M,0.579,0.434,0.14,0.7792,0.3699,0.167,0.2652,17
I,0.202,0.087,0.068,0.0699,0.0335,0.0163,0.0152,5
M,0.598,0.476,0.186,0.9831,0.3787,0.1681,0.306,9
I,0.416,0.309,0.124,0.4137,0.1463,0.1043,0.1874,16
F,0.526,0.403,0.142,0.5747,0.2113,0.174,0.1571,11
F,0.606,0.487,0.149,1.0431,0.4257,0.2111,0.3336,16
I,0.606,0.486,0.158,1.2731,0.553,0.2758,0.3742,12
I,0.574,0.465,0.168,1.2132,0.4196,0.2729,0.3444,16
F,0.612,0.472,0.144,1.1002,0.5448,0.1893,0.3355,9
M,0.435,0.342,0.112,0.4655,0.233,0.0915,0.1269,7
M,0.595,0.449,0.177,0.9908,0.3947,0.2611,0.3239,9
M,0.689,0.562,0.17,1.6802,0.6443,0.3598,0.5061,16
I,0.513,0.372,0.14,0.6588,0.2136,0.1329,0.1777,18
F,0.411,0.358,0.128,0.3942,0.1325,0.1016,0.1397,6
I,0.577,0.458,0.155,1.0228,0.3913,0.2425,0.3349,13
F,0.383,0.267,0.097,0.2359,0.1016,0.0566,0.1124,6
F,0.603,0.477,0.184,1.0556,0.3969,0.2827,0.3117,14
M,0.612,0.501,0.169,1.2253,0.4626,0.2547,0.3699,14
M,0.577,0.477,0.153,0.8761,0.3908,0.2134,0.251,14
M,0.554,0.423,0.099,0.5384,0.2062,0.1431,0.1945,7
F,0.428,0.354,0.108,0.3902,0.2387,0.082,0.0997,6
F,0.669,0.536,0.177,1.7443,0.6572,0.3767,0.5099,12
I,0.362,0.309,0.105,0.2569,0.0658,0.0571,0.1021,13
F,0.464,0.358,0.094,0.3853,0.2354,0.0964,0.1132,6
M,0.658,0.499,0.14,1.2928,0.59,0.2981,0.3357,9
I,0.378,0.266,0.091,0.2944,0.1446,0.0649,0.1167,12
F,0.576,0.454,0.164,0.8244,0.4316,0.1937,0.2483,8
M,0.725,0.565,0.222,1.9959,0.9633,0.4176,0.5601,14
F,0.495,0.381,0.122,0.4379,0.1553,0.1294,0.1193,8
M,0.694,0.559,0.182,1.8041,0.8181,0.4113,0.4893,14
F,0.61,0.495,0.158,0.8856,0.3778,0.1991,0.325,11
I,0.255,0.223,0.072,0.0702,0.0356,0.0128,0.028,8
I,0.318,0.212,0.083,0.1493,0.0404,0.0235,0.055,10
I,0.208,0.122,0.075,0.0966,0.0331,0.0274,0.0232,6
F,0.499,0.412,0.12,0.6409,0.2563,0.1371,0.2455,10
M,0.498,0.422,0.154,0.7431,0.3692,0.1704,0.2341,7
M,0.656,0.53,0.203,1.4679,0.5793,0.3463,0.4659,14
M,0.527,0.424,0.127,0.6447,0.3318,0.1406,0.2037,11
I,0.622,0.477,0.155,1.0766,0.3997,0.1853,0.3666,18
M,0.385,0.275,0.12,0.311,0.1049,0.0754,0.083,10
F,0.652,0.495,0.173,1.5482,0.6694,0.3613,0.43,15
M,0.491,0.401,0.133,0.7181,0.2035,0.1434,0.2733,14
I,0.586,0.461,0.158,0.9816,0.505,0.1714,0.2451,7
I,0.41,0.335,0.129,0.2243,0.1257,0.0742,0.0627,5
I,0.508,0.383,0.08,0.4732,0.2888,0.1364,0.0995,6
M,0.363,0.31,0.108,0.3244,0.1739,0.0733,0.0787,6
I,0.573,0.441,0.144,1.1663,0.4756,0.2289,0.3,5
I,0.483,0.354,0.108,0.4511,0.1869,0.1403,0.127,9
F,0.608,0.473,0.178,0.9751,0.4118,0.1504,0.4053,13
F,0.489,0.4,0.137,0.5763,0.1924,0.1616,0.1804,9
M,0.657,0.524,0.18,1.4531,0.5494,0.3706,0.3661,11
I,0.474,0.391,0.157,0.4996,0.1932,0.1231,0.1799,14
M,0.684,0.533,0.213,1.7655,0.7721,0.367,0.5243,16
M,0.545,0.416,0.185,0.9795,0.4407,0.2174,0.2123,11
F,0.561,0.437,0.133,0.8378,0.4104,0.1526,0.2965,11
M,0.481,0.403,0.137,0.5161,0.1746,0.1049,0.1928,8
M,0.589,0.472,0.158,1.0281,0.4148,0.2251,0.2705,18
I,0.544,0.445,0.147,0.6885,0.2071,0.156,0.2362,14
M,0.523,0.424,0.129,0.6404,0.2603,0.1453,0.164,10
F,0.476,0.35,0.117,0.4727,0.1507,0.1342,0.1464,7
I,0.533,0.415,0.122,0.6147,0.2468,0.1331,0.1706,7
I,0.559,0.419,0.144,0.88,0.3385,0.2164,0.2972,11
M,0.539,0.427,0.157,0.7537,0.3412,0.1591,0.2385,10
F,0.623,0.476,0.164,1.0945,0.5086,0.1851,0.3312,11
M,0.618,0.494,0.19,1.1807,0.6122,0.2838,0.3832,13
M,0.756,0.602,0.248,2.333,1.0352,0.5086,0.7234,15
M,0.603,0.442,0.158,1.0611,0.4599,0.2519,0.258,11
M,0.653,0.528,0.2,1.6179,0.7022,0.3547,0.4972,13
M,0.73,0.578,0.24,2.2751,1.0324,0.4551,0.6498,12
F,0.542,0.429,0.134,0.8357,0.3342,0.1977,0.2504,11
I,0.337,0.173,0.096,0.1764,0.0639,0.0429,0.0566,11
I,0.497,0.38,0.117,0.5434,0.2348,0.1371,0.1276,10
M,0.488,0.367,0.145,0.6526,0.2519,0.1361,0.174,9
I,0.544,0.444,0.158,0.8138,0.3451,0.1878,0.1852,12
M,0.6,0.476,0.179,1.1773,0.608,0.2303,0.2999,11
F,0.645,0.495,0.162,1.4207,0.5714,0.3095,0.3785,12
M,0.629,0.488,0.181,1.092,0.5309,0.2014,0.3185,11
F,0.666,0.549,0.204,1.5732,0.6569,0.3779,0.4533,11
M,0.526,0.401,0.133,0.8614,0.3986,0.1725,0.2117,9
F,0.545,0.439,0.128,0.7602,0.3827,0.1594,0.1727,8
F,0.619,0.506,0.169,0.9584,0.5267,0.2397,0.2781,11
M,0.634,0.481,0.178,1.2289,0.5637,0.2579,0.293,14
M,0.6,0.471,0.162,1.094,0.5435,0.2561,0.2978,13
I,0.389,0.307,0.091,0.2122,0.0808,0.0445,0.0949,7
I,0.712,0.567,0.205,2.0073,0.9283,0.4801,0.4625,14
F,0.521,0.415,0.143,0.6895,0.3186,0.18,0.1976,10
F,0.493,0.364,0.121,0.4267,0.1918,0.1139,0.1308,11
I,0.416,0.298,0.126,0.3445,0.1329,0.0558,0.1187,9
I,0.46,0.315,0.111,0.475,0.188,0.0816,0.1382,6
M,0.667,0.548,0.173,1.7778,0.6797,0.4193,0.5383,17
I,0.596,0.438,0.138,0.9669,0.4828,0.2457,0.2721,6
M,0.564,0.446,0.134,0.9689,0.4588,0.1794,0.2311,6
M,0.57,0.483,0.178,1.0645,0.3529,0.2158,0.3871,16
M,0.612,0.502,0.169,1.2543,0.5203,0.2381,0.3882,12
I,0.608,0.447,0.167,1.0279,0.4597,0.2374,0.3143,5
F,0.464,0.399,0.131,0.4384,0.2158,0.0964,0.117,8
I,0.564,0.43,0.123,0.798,0.346,0.1702,0.2475,10
I,0.601,0.459,0.197,1.1609,0.4344,0.2088,0.3525,14
M,0.645,0.508,0.163,1.2573,0.5096,0.2226,0.4374,11
M,0.694,0.542,0.218,1.7912,0.7981,0.4437,0.4668,15
M,0.52,0.424,0.133,0.82,0.3546,0.1856,0.2243,9
M,0.587,0.443,0.16,1.0257,0.4327,0.2064,0.256,15
I,0.639,0.486,0.19,1.4679,0.6686,0.3248,0.3252,10
I,0.42,0.306,0.105,0.3419,0.1395,0.0766,0.1088,8
M,0.5,0.411,0.141,0.7282,0.2779,0.1215,0.277,12
M,0.441,0.337,0.108,0.4715,0.2147,0.1023,0.1333,13
M,0.517,0.418,0.153,0.6979,0.2834,0.123,0.1823,9
M,0.332,0.25,0.072,0.1566,0.0921,0.0184,0.0441,7
F,0.569,0.467,0.156,1.1182,0.4387,0.2324,0.281,10
M,0.714,0.554,0.236,1.9683,0.7934,0.4569,0.5694,19
F,0.52,0.382,0.112,0.7548,0.2868,0.1474,0.2089,11
F,0.538,0.414,0.143,0.783,0.408,0.1044,0.2151,11
I,0.647,0.506,0.154,1.3576,0.5158,0.32,0.3424,12
F,0.636,0.503,0.184,1.1003,0.5183,0.187,0.3195,7
I,0.349,0.236,0.128,0.2332,0.091,0.066,0.0725,9
I,0.665,0.518,0.168,1.3607,0.5331,0.281,0.3635,16
F,0.481,0.394,0.121,0.6896,0.2904,0.1533,0.1327,8
I,0.384,0.292,0.12,0.3099,0.0718,0.0724,0.1144,12
F,0.371,0.29,0.121,0.2004,0.0675,0.0546,0.0811,10
I,0.397,0.248,0.082,0.202,0.0974,0.0426,0.061,7
F,0.618,0.516,0.169,1.3607,0.5815,0.282,0.3208,13
F,0.544,0.437,0.134,0.7815,0.3602,0.1401,0.2395,10
I,0.528,0.416,0.131,0.6457,0.2124,0.173,0.2552,13
I,0.518,0.363,0.153,0.8091,0.4116,0.1814,0.229,8
M,0.567,0.455,0.181,1.2025,0.5143,0.2664,0.309,11
M,0.334,0.293,0.117,0.2345,0.0797,0.0576,0.1074,9
M,0.621,0.465,0.147,0.9004,0.4653,0.1942,0.3003,10
F,0.489,0.388,0.11,0.7162,0.3615,0.1533,0.1623,10
M,0.633,0.482,0.177,1.1909,0.5149,0.2727,0.3282,16
M,0.506,0.406,0.126,0.4523,0.2387,0.0864,0.157,9
F,0.45,0.346,0.155,0.2949,0.1376,0.09,0.1153,7
F,0.544,0.414,0.134,0.703,0.3246,0.1384,0.2289,7
M,0.562,0.427,0.156,0.833,0.3727,0.197,0.2771,7
M,0.581,0.482,0.127,0.945,0.4167,0.1911,0.2587,10
I,0.507,0.389,0.157,0.6383,0.2626,0.1343,0.1962,7
M,0.539,0.398,0.109,0.6329,0.2616,0.1472,0.1375,7
M,0.607,0.472,0.152,0.9346,0.435,0.1959,0.2331,11
M,0.506,0.395,0.117,0.5244,0.1872,0.1402,0.2186,10
M,0.62,0.49,0.157,1.1425,0.5472,0.2864,0.3414,8
F,0.654,0.504,0.19,1.349,0.4808,0.2521,0.3945,18
I,0.438,0.335,0.1,0.5273,0.2402,0.0837,0.1314,11
I,0.425,0.312,0.096,0.3546,0.1349,0.0699,0.0916,8
I,0.526,0.396,0.137,0.6092,0.3135,0.1025,0.1735,8
M,0.574,0.478,0.151,1.1144,0.4803,0.2437,0.2451,11
M,0.566,0.465,0.138,1.0288,0.4423,0.2458,0.2432,9
I,0.5,0.369,0.106,0.5027,0.1974,0.1257,0.1422,10
F,0.676,0.529,0.166,1.4119,0.5808,0.2609,0.4582,10
I,0.721,0.574,0.216,1.9768,0.9528,0.4374,0.5472,11
M,0.618,0.505,0.188,1.1484,0.5078,0.2344,0.3339,11
I,0.465,0.341,0.115,0.4541,0.1588,0.1018,0.1567,16
I,0.567,0.455,0.117,0.823,0.3749,0.1788,0.1821,10
I,0.368,0.284,0.113,0.4812,0.2053,0.0939,0.1305,10
M,0.533,0.39,0.118,0.769,0.3938,0.1392,0.1675,5
I,0.462,0.32,0.109,0.4521,0.1803,0.0732,0.1176,8
I,0.591,0.486,0.174,0.9684,0.4085,0.1512,0.282,12
I,0.248,0.222,0.082,0.0988,0.0287,0.022,0.0444,10
I,0.517,0.397,0.112,0.5524,0.2813,0.0827,0.1572,10
M,0.673,0.548,0.227,1.6236,0.6547,0.3244,0.5266,11
M,0.649,0.503,0.23,1.5648,0.6171,0.3206,0.4913,21
F,0.447,0.358,0.116,0.7016,0.2821,0.1415,0.1518,11
F,0.457,0.335,0.093,0.4381,0.1624,0.1044,0.1241,6
F,0.452,0.312,0.09,0.393,0.2276,0.0556,0.0641,6
M,0.512,0.374,0.143,0.6364,0.3023,0.1357,0.1588,8
M,0.49,0.366,0.126,0.6615,0.3498,0.1455,0.1421,7
M,0.519,0.401,0.116,0.5781,0.2368,0.1342,0.1413,8
M,0.577,0.468,0.161,1.084,0.3552,0.2165,0.3556,12
F,0.581,0.462,0.164,0.9272,0.3388,0.1627,0.2463,18
I,0.519,0.392,0.116,0.5928,0.2727,0.1195,0.1201,8
F,0.664,0.545,0.222,1.5879,0.714,0.2765,0.4445,8
I,0.42,0.287,0.118,0.3461,0.134,0.1049,0.0798,7
M,0.342,0.304,0.07,0.2308,0.1143,0.0394,0.084,7
I,0.315,0.243,0.095,0.1122,0.0986,0.021,0.0199,4
F,0.579,0.446,0.161,0.7685,0.3381,0.1701,0.2506,16
M,0.529,0.414,0.133,0.5836,0.1959,0.1483,0.2368,11
M,0.555,0.417,0.158,0.6172,0.2577,0.1267,0.2052,8
M,0.692,0.556,0.24,1.8894,0.7815,0.4394,0.5686,14
F,0.588,0.442,0.165,0.9606,0.4223,0.217,0.2956,10
M,0.701,0.566,0.217,1.8827,0.8729,0.4332,0.4957,14
I,0.709,0.553,0.222,1.8681,0.811,0.4165,0.5403,10
M,0.5,0.372,0.144,0.7059,0.3145,0.1726,0.1662,7
M,0.582,0.455,0.145,0.7001,0.3041,0.1784,0.2011,7
M,0.674,0.538,0.165,1.5987,0.6718,0.3199,0.4393,13
F,0.535,0.443,0.151,0.8468,0.3327,0.1743,0.227,14
M,0.613,0.471,0.137,1.0324,0.5711,0.2228,0.2554,7
M,0.469,0.365,0.072,0.3864,0.1773,0.0691,0.1235,10
M,0.641,0.517,0.186,1.3044,0.5489,0.366,0.3996,15
M,0.612,0.492,0.182,1.0687,0.5178,0.2469,0.3056,10
F,0.711,0.569,0.209,1.9477,0.9185,0.3879,0.5876,21
F,0.392,0.248,0.12,0.3046,0.1765,0.088,0.0857,6
M,0.589,0.454,0.122,0.9954,0.4526,0.2508,0.277,11
M,0.539,0.454,0.158,0.8502,0.3992,0.2054,0.2273,13
M,0.574,0.46,0.159,1.1445,0.4447,0.2402,0.3237,14
I,0.597,0.478,0.146,1.1319,0.489,0.2047,0.3356,11
F,0.68,0.512,0.14,1.4326,0.5576,0.3228,0.4029,9
I,0.419,0.283,0.087,0.1764,0.1052,0.0518,0.061,6
M,0.494,0.388,0.13,0.3637,0.1107,0.1158,0.1296,6
I,0.608,0.472,0.189,1.0543,0.3715,0.2231,0.3152,12
M,0.628,0.493,0.185,1.2057,0.5422,0.246,0.3363,13
F,0.446,0.351,0.12,0.4516,0.2118,0.0751,0.1849,8
F,0.529,0.422,0.129,0.7223,0.2424,0.1488,0.2394,8
M,0.557,0.433,0.153,0.8436,0.401,0.1898,0.2065,9
F,0.489,0.377,0.135,0.5972,0.2105,0.0629,0.2008,12
I,0.286,0.178,0.053,0.1008,0.0577,0.0188,0.0251,4
F,0.513,0.442,0.143,0.6677,0.2238,0.158,0.241,10
I,0.65,0.531,0.189,1.5233,0.762,0.2818,0.4263,9
F,0.671,0.532,0.161,1.5411,0.6827,0.3441,0.3469,13
F,0.715,0.558,0.183,1.9304,0.8911,0.431,0.546,11
F,0.349,0.236,0.098,0.229,0.0742,0.0362,0.0811,9
I,0.474,0.357,0.124,0.39,0.1211,0.0834,0.1244,10
M,0.549,0.404,0.117,0.8173,0.3992,0.1796,0.2131,9
M,0.67,0.531,0.175,1.6388,0.8399,0.3379,0.3674,12
F,0.601,0.459,0.191,1.2379,0.394,0.2206,0.4098,17
I,0.336,0.275,0.099,0.1867,0.1106,0.0577,0.0418,6
M,0.659,0.532,0.188,1.6349,0.6381,0.345,0.4419,10
M,0.466,0.299,0.104,0.4496,0.2288,0.1208,0.0837,7
I,0.473,0.359,0.103,0.34,0.1144,0.0697,0.1188,7
F,0.379,0.315,0.123,0.4408,0.1465,0.1185,0.139,9
F,0.646,0.475,0.144,1.3445,0.6328,0.2764,0.2874,9
M,0.519,0.399,0.131,0.5951,0.2959,0.1352,0.1564,8
M,0.596,0.463,0.167,0.9971,0.3363,0.2191,0.3281,15
I,0.26,0.196,0.069,0.0955,0.0499,0.0215,0.0171,5
F,0.599,0.46,0.17,1.222,0.5037,0.2403,0.3213,14
I,0.365,0.287,0.086,0.2828,0.114,0.0596,0.0891,6
F,0.576,0.448,0.149,0.9428,0.3597,0.2034,0.2521,11
M,0.559,0.434,0.15,0.7781,0.3226,0.2308,0.2729,11
M,0.253,0.15,0.077,0.1113,0.0644,0.0233,0.0247,8
F,0.516,0.386,0.129,0.56,0.2282,0.0765,0.1591,9
M,0.522,0.421,0.141,0.7319,0.323,0.1941,0.2072,11
F,0.607,0.49,0.175,1.0917,0.5262,0.1873,0.3593,10
F,0.44,0.362,0.126,0.5025,0.2023,0.1068,0.1434,8
I,0.075,0.061,0.032,0.0089,0.0026,0.0045,0.0015,3
F,0.667,0.536,0.172,1.4521,0.5576,0.291,0.4675,12
M,0.432,0.288,0.102,0.3508,0.1636,0.0844,0.1645,9
M,0.344,0.274,0.096,0.2062,0.0774,0.0478,0.0745,9
I,0.48,0.376,0.104,0.3342,0.1419,0.0866,0.0987,7
F,0.601,0.477,0.137,0.895,0.3565,0.2039,0.2003,8
M,0.711,0.55,0.206,2.0489,0.9282,0.4312,0.5723,13
I,0.34,0.263,0.07,0.1618,0.0815,0.0287,0.0518,5
F,0.541,0.389,0.137,0.6031,0.2589,0.1593,0.2049,8
I,0.594,0.48,0.148,1.0831,0.5507,0.2318,0.3022,9
I,0.483,0.347,0.1,0.4787,0.2763,0.0874,0.1092,8
I,0.652,0.538,0.214,1.3661,0.5558,0.2978,0.4315,9
M,0.305,0.254,0.086,0.2206,0.0683,0.0562,0.0964,8
I,0.482,0.36,0.106,0.4583,0.2034,0.1187,0.1154,8
M,0.522,0.455,0.12,0.7064,0.3033,0.1469,0.2036,7
M,0.405,0.307,0.112,0.2949,0.0895,0.0883,0.1009,8
M,0.703,0.545,0.192,1.7025,0.7372,0.3856,0.4565,15
I,0.449,0.321,0.122,0.6286,0.211,0.1322,0.1627,10
I,0.458,0.353,0.132,0.5187,0.1868,0.1103,0.1474,7
I,0.444,0.358,0.118,0.5167,0.1896,0.1243,0.1462,12
M,0.687,0.563,0.21,1.9787,0.9439,0.3898,0.5285,16
M,0.652,0.536,0.157,1.373,0.5316,0.3523,0.4117,8
I,0.585,0.464,0.143,0.8868,0.3933,0.165,0.2619,8
I,0.39,0.336,0.124,0.4141,0.114,0.0766,0.1986,17
F,0.572,0.447,0.167,0.9722,0.3468,0.1849,0.334,11
I,0.534,0.42,0.141,0.7198,0.3522,0.1204,0.2646,14
M,0.693,0.546,0.188,1.7417,0.7679,0.3591,0.4983,13
I,0.463,0.39,0.12,0.5323,0.161,0.1534,0.1673,14
M,0.72,0.553,0.245,2.0896,0.929,0.5026,0.6071,15
M,0.638,0.47,0.158,0.9975,0.36,0.2589,0.3269,14
I,0.487,0.362,0.122,0.511,0.2082,0.1364,0.1778,11
F,0.622,0.48,0.177,1.3512,0.538,0.3037,0.3699,13
M,0.495,0.376,0.114,0.5164,0.2653,0.1281,0.1162,9
I,0.235,0.184,0.056,0.0369,0.0191,0.0074,0.017,3
M,0.649,0.528,0.212,1.5713,0.57,0.2802,0.5009,20
F,0.496,0.354,0.11,0.554,0.1959,0.1042,0.1891,12
M,0.607,0.451,0.17,0.9752,0.3992,0.2309,0.33,11
M,0.669,0.51,0.194,1.5678,0.7907,0.3137,0.4507,13
M,0.473,0.402,0.123,0.5341,0.263,0.0788,0.1655,7
I,0.356,0.22,0.11,0.1637,0.0546,0.0428,0.0651,10
I,0.446,0.328,0.098,0.3561,0.2111,0.0584,0.0801,6
M,0.631,0.495,0.171,1.2443,0.5566,0.2581,0.3318,13
F,0.689,0.552,0.204,1.8269,0.7997,0.3944,0.5222,15
M,0.63,0.502,0.196,1.2515,0.5407,0.2562,0.4189,12
M,0.48,0.352,0.118,0.872,0.2868,0.1582,0.2284,11
F,0.423,0.361,0.138,0.4483,0.189,0.0605,0.1834,12
I,0.607,0.459,0.186,1.172,0.5695,0.2868,0.3319,12
M,0.642,0.492,0.178,1.3009,0.5905,0.2639,0.4084,15
M,0.74,0.583,0.216,2.2471,1.1159,0.5046,0.611,18
F,0.51,0.409,0.127,0.6028,0.2294,0.1343,0.1748,8
F,0.476,0.404,0.147,0.6397,0.2064,0.1088,0.2225,8
F,0.595,0.47,0.144,1.0835,0.4408,0.2051,0.2923,7
F,0.405,0.318,0.113,0.3501,0.1289,0.0875,0.0726,8
I,0.69,0.539,0.193,1.6119,0.7676,0.3067,0.4289,11
F,0.537,0.393,0.149,0.8429,0.3713,0.171,0.2813,14
I,0.436,0.338,0.131,0.3836,0.1171,0.0769,0.1184,8
I,0.472,0.37,0.129,0.6301,0.2495,0.1248,0.2219,10
I,0.662,0.527,0.202,1.5143,0.6479,0.2947,0.4697,11
I,0.595,0.44,0.139,0.8911,0.389,0.1767,0.2661,7
F,0.395,0.301,0.076,0.2008,0.0647,0.044,0.0522,10
M,0.515,0.417,0.136,0.7715,0.3689,0.1137,0.2222,11
I,0.482,0.388,0.099,0.5961,0.2905,0.1112,0.1595,5
F,0.641,0.51,0.142,1.277,0.5648,0.2929,0.3303,10
F,0.635,0.481,0.139,1.1178,0.4644,0.2798,0.3614,14
F,0.565,0.459,0.129,0.9551,0.4374,0.1945,0.2276,8
F,0.512,0.388,0.143,0.5748,0.2569,0.141,0.2015,14
M,0.756,0.609,0.224,2.3211,1.0266,0.463,0.7511,14
M,0.75,0.593,0.234,2.2566,0.9906,0.5205,0.7019,14
M,0.605,0.461,0.141,1.0494,0.587,0.1908,0.2234,11
M,0.355,0.289,0.092,0.1811,0.0895,0.0448,0.0488,8
I,0.344,0.266,0.085,0.1518,0.0606,0.0275,0.0673,7
M,0.567,0.445,0.143,0.7306,0.3288,0.149,0.1882,9
I,0.202,0.147,0.047,0.0471,0.0276,0.0168,0.006,5
M,0.683,0.555,0.182,1.6287,0.637,0.3323,0.4888,14
F,0.41,0.304,0.094,0.3363,0.1548,0.0714,0.126,9
I,0.489,0.387,0.149,0.5905,0.2042,0.1472,0.1679,9
F,0.479,0.374,0.119,0.4155,0.167,0.0744,0.1922,8
I,0.248,0.148,0.067,0.0955,0.0347,0.0176,0.0405,9
I,0.498,0.383,0.11,0.7033,0.2637,0.1206,0.2042,11
M,0.475,0.375,0.111,0.5953,0.2511,0.123,0.1432,9
F,0.548,0.444,0.15,0.9212,0.3689,0.2285,0.2882,8
M,0.589,0.475,0.17,1.1796,0.4467,0.209,0.3537,13
M,0.661,0.525,0.209,1.6055,0.7569,0.3614,0.4428,13
F,0.53,0.409,0.17,0.793,0.3068,0.1656,0.2035,9
M,0.596,0.445,0.135,1.0112,0.4393,0.2306,0.253,8
I,0.31,0.258,0.06,0.2344,0.1665,0.0451,0.068,6
F,0.472,0.319,0.096,0.6883,0.3652,0.1163,0.1621,7
F,0.639,0.531,0.17,1.3824,0.419,0.3065,0.4955,16
F,0.337,0.244,0.071,0.2123,0.1055,0.0809,0.0559,5
M,0.686,0.559,0.218,1.8865,0.831,0.3882,0.5829,18
F,0.705,0.569,0.185,1.5989,0.6571,0.3708,0.4459,14
I,0.512,0.402,0.142,0.7743,0.4079,0.1226,0.1892,9
I,0.507,0.398,0.123,0.5959,0.2625,0.1223,0.1462,7
M,0.65,0.526,0.199,1.4325,0.5981,0.3349,0.4066,16
M,0.56,0.427,0.164,0.9214,0.4201,0.1734,0.268,9
F,0.485,0.388,0.105,0.6565,0.3145,0.137,0.2202,8
F,0.551,0.419,0.167,1.0441,0.4713,0.2483,0.2051,8
I,0.522,0.4,0.161,0.7585,0.3603,0.1772,0.2111,7
F,0.561,0.441,0.171,0.8675,0.3058,0.2189,0.239,8
F,0.572,0.436,0.15,1.0317,0.4435,0.1871,0.2645,11
M,0.688,0.512,0.192,1.5286,0.7171,0.4155,0.3649,12
F,0.339,0.227,0.07,0.1896,0.0659,0.0444,0.0524,8
F,0.399,0.305,0.118,0.4474,0.2678,0.116,0.085,7
M,0.579,0.429,0.155,1.0899,0.455,0.2437,0.3414,9
I,0.525,0.389,0.143,0.7447,0.3611,0.1556,0.1823,9
F,0.501,0.393,0.138,0.5952,0.2614,0.1201,0.2317,8
F,0.694,0.529,0.186,1.4486,0.5886,0.2809,0.4052,15
M,0.534,0.415,0.115,0.5742,0.2439,0.1505,0.1574,9
I,0.501,0.387,0.14,0.5352,0.2174,0.0999,0.1977,10
F,0.584,0.457,0.141,1.1107,0.3961,0.2233,0.3108,12
I,0.598,0.441,0.153,0.8846,0.3533,0.2088,0.2228,12
M,0.591,0.474,0.147,0.9,0.2983,0.2012,0.3318,15
F,0.683,0.54,0.182,1.5564,0.7144,0.3549,0.4688,16
I,0.352,0.228,0.086,0.1948,0.113,0.04,0.0327,6
I,0.593,0.44,0.199,1.0203,0.4482,0.2057,0.3293,7
I,0.409,0.31,0.106,0.33,0.1909,0.0585,0.0786,9
M,0.578,0.465,0.158,0.8986,0.3332,0.2481,0.3364,11
I,0.274,0.222,0.082,0.1291,0.0596,0.0384,0.0285,6
I,0.547,0.426,0.122,0.6964,0.2863,0.2211,0.2349,12
F,0.624,0.525,0.155,1.1173,0.4773,0.1961,0.3522,12
M,0.53,0.412,0.154,0.6585,0.244,0.1315,0.21,8
M,0.483,0.358,0.095,0.448,0.2536,0.112,0.093,6
F,0.154,0.12,0.04,0.0293,0.0217,0.008,0.0042,6
M,0.577,0.43,0.127,0.7553,0.3502,0.1268,0.2358,10
M,0.532,0.377,0.135,0.8657,0.3771,0.1515,0.227,9
F,0.671,0.544,0.203,1.7951,0.7231,0.3673,0.4614,12
M,0.582,0.445,0.129,0.8437,0.3631,0.1556,0.2737,9
I,0.518,0.402,0.103,0.476,0.1814,0.1131,0.188,8
M,0.511,0.401,0.178,0.742,0.233,0.1807,0.2805,20
M,0.675,0.561,0.199,1.8015,0.794,0.4243,0.4576,13
I,0.528,0.416,0.108,0.6957,0.3879,0.1509,0.1562,6
M,0.606,0.467,0.16,1.0413,0.4242,0.2185,0.3323,8
I,0.364,0.259,0.111,0.2202,0.0987,0.0289,0.065,7
M,0.534,0.368,0.146,0.6373,0.1847,0.1483,0.2363,15
F,0.587,0.459,0.147,0.9754,0.4652,0.1642,0.2908,12
F,0.317,0.218,0.087,0.18,0.0986,0.0577,0.0478,7
I,0.59,0.487,0.15,1.0261,0.4377,0.1813,0.3401,11
F,0.446,0.317,0.119,0.2047,0.0929,0.0474,0.0665,5
I,0.422,0.323,0.097,0.3891,0.1738,0.0549,0.0838,6
F,0.6,0.485,0.172,1.2032,0.4929,0.2516,0.3466,14
I,0.419,0.339,0.107,0.3741,0.166,0.0864,0.0949,9
M,0.669,0.509,0.185,1.5942,0.7577,0.3334,0.4527,17
M,0.491,0.387,0.157,0.6491,0.3021,0.1262,0.2333,10
F,0.572,0.453,0.145,0.8213,0.4393,0.218,0.1739,9
M,0.702,0.55,0.213,1.7928,0.7397,0.2701,0.5742,20
F,0.53,0.429,0.142,0.8385,0.432,0.1277,0.2035,10
F,0.568,0.452,0.14,0.9047,0.5004,0.149,0.2268,9
M,0.494,0.37,0.124,0.6077,0.2346,0.098,0.2293,11
M,0.564,0.427,0.161,0.8297,0.4152,0.148,0.2598,10
I,0.394,0.308,0.099,0.2841,0.1265,0.0517,0.0946,10
M,0.473,0.357,0.119,0.4447,0.1698,0.1027,0.1653,9
I,0.622,0.469,0.167,1.0503,0.5002,0.2025,0.3109,11
I,0.528,0.379,0.144,0.6832,0.3339,0.1375,0.1358,7
I,0.513,0.402,0.159,0.8332,0.2852,0.1487,0.2617,15
I,0.565,0.417,0.155,0.69,0.3577,0.1338,0.2017,10
F,0.465,0.361,0.124,0.5155,0.2062,0.1055,0.1516,7
F,0.383,0.326,0.116,0.2946,0.1597,0.0514,0.1104,9
F,0.517,0.397,0.127,0.603,0.3038,0.1441,0.1602,6
M,0.526,0.405,0.135,0.77,0.2752,0.2124,0.2284,13
I,0.516,0.375,0.123,0.562,0.1774,0.0922,0.2192,11
F,0.596,0.453,0.131,0.7329,0.3421,0.1489,0.1916,7
M,0.417,0.309,0.107,0.3047,0.1394,0.0687,0.096,7
I,0.442,0.299,0.09,0.357,0.1954,0.1088,0.0848,5
I,0.366,0.266,0.092,0.2203,0.0962,0.0508,0.0505,5
F,0.331,0.275,0.082,0.2873,0.1301,0.0332,0.0918,8
F,0.664,0.522,0.209,1.4737,0.6362,0.3417,0.424,16
M,0.646,0.511,0.179,1.5687,0.5636,0.3292,0.4874,12
F,0.7,0.549,0.132,1.4616,0.6002,0.3109,0.4087,12
F,0.403,0.279,0.118,0.3092,0.1214,0.0621,0.1324,9
I,0.633,0.476,0.164,0.9914,0.3928,0.2343,0.3158,15
I,0.384,0.28,0.077,0.2342,0.124,0.0531,0.0597,5
I,0.471,0.372,0.152,0.6235,0.2251,0.1224,0.1959,9
F,0.453,0.38,0.141,0.5225,0.1705,0.1071,0.2376,12
I,0.244,0.187,0.076,0.0544,0.0274,0.0171,0.0118,4
F,0.582,0.437,0.133,0.9487,0.4048,0.1856,0.2447,9
I,0.537,0.438,0.166,0.809,0.3047,0.1881,0.2175,12
M,0.318,0.252,0.078,0.233,0.0602,0.0495,0.0935,7
F,0.561,0.419,0.163,1.0526,0.409,0.2523,0.2919,12
I,0.549,0.424,0.11,0.6416,0.2288,0.1195,0.1924,7
I,0.604,0.454,0.148,0.893,0.3392,0.2192,0.2759,9
F,0.41,0.28,0.098,0.1482,0.0755,0.0548,0.0503,8
I,0.235,0.127,0.055,0.0454,0.0186,0.0085,0.0203,3
M,0.386,0.316,0.125,0.2314,0.0493,0.0425,0.1173,11
F,0.554,0.437,0.141,0.7495,0.4076,0.1737,0.2027,5
I,0.337,0.286,0.078,0.1707,0.0727,0.045,0.0853,7
I,0.603,0.434,0.138,0.8681,0.442,0.1908,0.2089,8
M,0.546,0.451,0.151,1.0507,0.4619,0.2223,0.3439,11
M,0.709,0.569,0.253,2.0116,0.9083,0.4647,0.5332,15
F,0.609,0.472,0.135,0.8787,0.4097,0.1783,0.2784,14
I,0.568,0.441,0.179,0.9282,0.3831,0.1821,0.2439,8
F,0.664,0.488,0.171,1.4809,0.6681,0.3061,0.3725,14
M,0.518,0.403,0.132,0.7164,0.3681,0.1724,0.1161,8
F,0.623,0.482,0.159,0.9881,0.4607,0.2334,0.3261,10
M,0.402,0.293,0.082,0.2841,0.1718,0.0659,0.057,6
F,0.501,0.379,0.117,0.5964,0.2649,0.1113,0.1189,9
I,0.532,0.398,0.107,0.5284,0.2155,0.1064,0.1466,7
F,0.493,0.388,0.129,0.693,0.4178,0.1307,0.1783,10
F,0.382,0.282,0.1,0.3267,0.2109,0.0485,0.0569,4
I,0.615,0.461,0.172,0.977,0.5024,0.2082,0.2056,7
I,0.492,0.392,0.123,0.5982,0.2278,0.1286,0.1813,9
M,0.39,0.312,0.097,0.2404,0.0814,0.0638,0.1514,11
I,0.534,0.429,0.12,0.6585,0.2464,0.1398,0.1655,13
F,0.568,0.414,0.139,0.8353,0.3751,0.2071,0.1599,7
F,0.542,0.401,0.121,0.7499,0.3258,0.1355,0.2083,8
F,0.656,0.506,0.181,1.4446,0.652,0.3138,0.3447,9
M,0.5,0.425,0.133,0.7439,0.3652,0.1113,0.2716,11
M,0.449,0.371,0.152,0.6451,0.2542,0.1405,0.2115,12
F,0.528,0.425,0.132,0.7181,0.2508,0.1237,0.2764,18
M,0.693,0.553,0.205,1.8625,0.8696,0.3906,0.4658,11
F,0.501,0.392,0.131,0.4864,0.1564,0.1282,0.1886,6
F,0.523,0.419,0.123,0.5217,0.2847,0.1388,0.1399,7
F,0.394,0.272,0.114,0.2995,0.1077,0.0467,0.1264,9
M,0.617,0.473,0.16,1.2176,0.5016,0.264,0.3416,12
F,0.694,0.54,0.187,1.5594,0.6877,0.3296,0.4431,11
F,0.617,0.473,0.155,1.1103,0.4564,0.2752,0.3445,12
M,0.559,0.436,0.16,0.8425,0.4681,0.2061,0.1971,11
I,0.585,0.433,0.134,0.853,0.4313,0.1426,0.1676,6
I,0.39,0.301,0.079,0.3424,0.1388,0.073,0.1033,8
I,0.455,0.333,0.083,0.2814,0.1218,0.0523,0.0873,6
I,0.749,0.599,0.237,2.2428,0.9629,0.5021,0.7441,19
I,0.534,0.372,0.154,0.6665,0.2574,0.1565,0.2055,8
I,0.075,0.055,0.029,0.002,0.001,0.0005,0.0015,3
M,0.667,0.53,0.195,1.5055,0.6451,0.3214,0.4249,16
F,0.292,0.216,0.064,0.1126,0.0534,0.0346,0.037,4
M,0.274,0.156,0.072,0.0666,0.0566,0.0151,0.015,3
I,0.635,0.519,0.186,1.1721,0.5161,0.2881,0.3568,11
M,0.584,0.431,0.172,0.9319,0.3931,0.2385,0.2491,8
F,0.436,0.323,0.147,0.4525,0.2198,0.0997,0.1267,6
F,0.467,0.366,0.141,0.5834,0.2894,0.1838,0.1851,8
F,0.521,0.437,0.125,0.7349,0.2529,0.1558,0.247,12
M,0.508,0.429,0.162,0.744,0.2605,0.1338,0.257,13
I,0.193,0.153,0.042,0.0464,0.0237,0.0062,0.0174,5
F,0.432,0.325,0.116,0.3247,0.1596,0.1227,0.1093,9
M,0.275,0.239,0.105,0.2062,0.1195,0.045,0.0842,7
I,0.545,0.388,0.107,0.7117,0.3499,0.1732,0.1288,9
M,0.694,0.568,0.218,1.9266,0.8871,0.4492,0.5217,16
F,0.484,0.372,0.128,0.5877,0.4084,0.127,0.0953,5
F,0.655,0.507,0.192,1.2435,0.5786,0.3256,0.3588,12
M,0.586,0.459,0.148,1.048,0.3799,0.2776,0.3209,12
F,0.609,0.473,0.157,0.8571,0.3499,0.1837,0.3119,12
M,0.684,0.541,0.226,1.5884,0.6943,0.3004,0.4682,13
F,0.544,0.442,0.171,1.0387,0.3537,0.1758,0.3993,10
M,0.598,0.458,0.141,1.0242,0.3495,0.2243,0.3955,13
M,0.564,0.45,0.189,0.9827,0.4465,0.2099,0.2918,8
F,0.29,0.238,0.093,0.1507,0.0384,0.0317,0.0719,12
F,0.569,0.44,0.136,1.0541,0.521,0.2167,0.237,9
I,0.563,0.435,0.148,0.8898,0.4605,0.2075,0.1978,5
F,0.564,0.43,0.168,0.8101,0.2636,0.1729,0.3083,8
F,0.531,0.432,0.158,0.5855,0.2938,0.1742,0.1192,10
F,0.6,0.458,0.175,1.148,0.4412,0.1611,0.2608,12
F,0.584,0.441,0.135,1.0157,0.418,0.1777,0.3119,11
M,0.398,0.313,0.104,0.3147,0.1198,0.0728,0.099,9
I,0.491,0.397,0.082,0.5112,0.2055,0.1029,0.1294,5
F,0.57,0.44,0.15,0.8397,0.2677,0.1853,0.2728,9
I,0.191,0.079,0.047,0.0378,0.0218,0.0126,0.0147,5
F,0.609,0.48,0.194,1.2526,0.5032,0.2684,0.3329,12
F,0.498,0.408,0.139,0.5883,0.3367,0.1256,0.1561,12
F,0.571,0.466,0.158,0.8723,0.3809,0.166,0.2299,11
M,0.672,0.548,0.186,1.6419,0.7175,0.3653,0.4527,16
F,0.553,0.458,0.156,0.9626,0.3701,0.2019,0.2432,9
F,0.648,0.508,0.188,1.3202,0.4637,0.3297,0.394,14
F,0.638,0.505,0.155,1.2624,0.6668,0.22,0.3898,9
I,0.384,0.323,0.096,0.2872,0.1078,0.053,0.1128,8
I,0.451,0.331,0.095,0.3922,0.1901,0.0868,0.1474,13
I,0.394,0.258,0.082,0.3595,0.1474,0.0946,0.059,6
I,0.275,0.246,0.095,0.0866,0.0135,0.024,0.0505,8
M,0.624,0.497,0.174,1.233,0.5145,0.2912,0.3974,11
F,0.433,0.343,0.114,0.3364,0.1215,0.082,0.1109,8
F,0.507,0.353,0.142,0.5721,0.2112,0.117,0.1408,8
F,0.419,0.338,0.109,0.3789,0.2294,0.077,0.0886,5
I,0.671,0.501,0.21,1.4791,0.6167,0.3051,0.3964,12
I,0.523,0.439,0.156,0.9555,0.3711,0.169,0.2854,11
M,0.681,0.55,0.213,1.8539,0.8022,0.4171,0.4893,15
F,0.709,0.564,0.193,1.9858,0.843,0.4441,0.5453,15
I,0.621,0.481,0.118,1.1479,0.3916,0.2118,0.3147,13
F,0.362,0.321,0.097,0.2119,0.0785,0.0604,0.0608,10
F,0.402,0.31,0.064,0.3215,0.1864,0.0563,0.0534,5
M,0.688,0.551,0.2,1.7267,0.6749,0.4177,0.4775,11
I,0.426,0.35,0.122,0.3701,0.1834,0.0733,0.1166,9
M,0.689,0.531,0.187,1.4967,0.5688,0.3731,0.4139,12
F,0.277,0.222,0.09,0.106,0.0547,0.0225,0.0446,8
I,0.43,0.323,0.112,0.4166,0.1436,0.099,0.1453,8
I,0.454,0.363,0.13,0.5204,0.2967,0.1125,0.1508,11
I,0.358,0.274,0.078,0.1422,0.0815,0.0298,0.042,5
I,0.432,0.36,0.104,0.3744,0.177,0.0722,0.1372,5
I,0.567,0.448,0.154,0.8637,0.4241,0.1541,0.2255,11
I,0.626,0.45,0.135,1.0636,0.4567,0.2096,0.2629,11
M,0.587,0.499,0.174,1.0647,0.4716,0.2609,0.2977,11
F,0.43,0.295,0.091,0.2625,0.1125,0.0676,0.0759,9
M,0.607,0.465,0.168,1.2471,0.4296,0.2538,0.3784,14
F,0.435,0.367,0.112,0.2874,0.1146,0.0544,0.1075,7
I,0.301,0.236,0.097,0.1597,0.0552,0.0294,0.0692,8
F,0.713,0.56,0.241,1.8997,0.8225,0.4411,0.5419,14
F,0.503,0.385,0.101,0.6186,0.2495,0.1483,0.1643,8
F,0.464,0.375,0.121,0.5226,0.2035,0.1538,0.112,7
M,0.574,0.484,0.192,1.1847,0.4905,0.279,0.3182,8
F,0.651,0.508,0.184,1.4647,0.6666,0.3527,0.4239,11
M,0.7,0.564,0.215,1.9137,0.8427,0.4131,0.5715,15
M,0.635,0.491,0.185,1.2804,0.593,0.2571,0.355,13
M,0.671,0.523,0.155,1.4704,0.6076,0.3423,0.4197,13
M,0.589,0.464,0.188,1.0151,0.3253,0.2189,0.3976,15
F,0.623,0.525,0.203,1.4686,0.6135,0.2149,0.4661,26
I,0.651,0.499,0.152,1.4758,0.6214,0.3494,0.4229,10
M,0.559,0.446,0.149,0.9829,0.476,0.1742,0.2755,9
F,0.619,0.476,0.176,0.989,0.4194,0.2177,0.2775,11
F,0.607,0.456,0.14,1.1074,0.5585,0.2174,0.2337,8
I,0.164,0.099,0.058,0.0786,0.0348,0.0218,0.0253,6
M,0.552,0.409,0.118,0.851,0.3551,0.1992,0.1987,9
F,0.203,0.19,0.069,0.075,0.0342,0.0115,0.0401,7
I,0.682,0.545,0.199,1.7457,0.7903,0.3899,0.5041,14
I,0.495,0.387,0.137,0.5752,0.1787,0.1177,0.2282,7
I,0.255,0.233,0.067,0.077,0.0341,0.0221,0.0267,7
I,0.466,0.366,0.131,0.4962,0.1939,0.0852,0.1432,8
F,0.655,0.528,0.188,1.3648,0.5294,0.2492,0.4078,17
M,0.693,0.557,0.201,1.817,0.7603,0.3375,0.5319,16
I,0.345,0.23,0.098,0.1963,0.1254,0.0408,0.0684,10
M,0.66,0.529,0.198,1.3462,0.6295,0.3102,0.4323,10
F,0.663,0.542,0.202,1.6776,0.8252,0.3351,0.4501,13
M,0.642,0.501,0.171,1.5118,0.7911,0.2609,0.3958,9
I,0.495,0.394,0.129,0.5344,0.264,0.0853,0.1811,6
I,0.447,0.306,0.074,0.1956,0.0991,0.0531,0.0637,5
F,0.674,0.525,0.219,1.6644,0.6467,0.356,0.5572,17
M,0.357,0.238,0.097,0.1855,0.0864,0.0513,0.0509,9
M,0.6,0.441,0.154,0.8805,0.3562,0.2212,0.2754,11
M,0.524,0.406,0.14,0.6695,0.2993,0.1584,0.1934,9
M,0.437,0.341,0.123,0.4486,0.1559,0.0939,0.1283,10
M,0.431,0.35,0.126,0.4546,0.2346,0.0599,0.1325,7
F,0.759,0.606,0.249,2.3489,1.0219,0.5812,0.6805,15
F,0.471,0.349,0.121,0.5326,0.3072,0.1491,0.1242,7
M,0.471,0.337,0.099,0.3878,0.1617,0.0944,0.1171,9
I,0.435,0.344,0.118,0.5326,0.1918,0.1165,0.1284,7
I,0.652,0.498,0.196,1.4333,0.6509,0.3963,0.3715,14
M,0.676,0.53,0.194,1.4659,0.6068,0.3179,0.5004,14
F,0.599,0.449,0.162,1.1818,0.4972,0.2352,0.3596,15
F,0.64,0.533,0.218,1.6304,0.6176,0.3331,0.5264,13
M,0.516,0.404,0.137,0.8636,0.3366,0.2243,0.2179,12
I,0.474,0.378,0.114,0.5036,0.2231,0.1299,0.1632,9
I,0.462,0.341,0.103,0.4441,0.1957,0.1105,0.1435,8
F,0.431,0.332,0.089,0.2824,0.1138,0.0655,0.1017,8
M,0.614,0.492,0.17,1.079,0.4499,0.2256,0.3293,13
F,0.43,0.325,0.1,0.3994,0.138,0.0607,0.175,11
M,0.646,0.495,0.159,1.1463,0.4931,0.2165,0.3859,9
F,0.526,0.407,0.139,0.7464,0.3158,0.1731,0.2657,10
F,0.698,0.55,0.183,1.7515,0.6885,0.4258,0.4445,15
M,0.48,0.367,0.112,0.5899,0.307,0.1317,0.1545,10
M,0.609,0.475,0.175,0.986,0.4708,0.187,0.3258,12
I,0.379,0.273,0.082,0.2683,0.102,0.0693,0.1084,6
M,0.318,0.266,0.091,0.141,0.0593,0.0334,0.0644,10
I,0.348,0.288,0.077,0.2591,0.1058,0.0657,0.0493,6
F,0.415,0.349,0.137,0.3019,0.1893,0.0759,0.0793,9
F,0.518,0.361,0.119,0.5831,0.2118,0.1228,0.2009,9
M,0.666,0.526,0.201,1.4808,0.5473,0.3358,0.469,13
F,0.6,0.463,0.131,0.8569,0.3968,0.186,0.1951,9
M,0.515,0.404,0.158,0.7595,0.2979,0.1471,0.2177,13
M,0.703,0.544,0.25,1.7869,0.782,0.4177,0.5911,21
I,0.34,0.277,0.093,0.2306,0.0934,0.0489,0.0769,7
F,0.575,0.425,0.135,0.8807,0.3959,0.1996,0.2263,11
F,0.555,0.42,0.128,0.8153,0.3274,0.155,0.22,11
M,0.646,0.526,0.175,1.4315,0.6848,0.3076,0.3306,13
M,0.478,0.37,0.124,0.5791,0.1942,0.1325,0.259,9
M,0.607,0.489,0.188,1.1905,0.4516,0.229,0.3473,13
I,0.35,0.249,0.087,0.1961,0.0865,0.0362,0.0636,12
F,0.622,0.492,0.16,1.2749,0.5175,0.2394,0.3815,9
M,0.477,0.371,0.142,0.5936,0.217,0.1272,0.2472,14
F,0.64,0.505,0.186,1.3134,0.5643,0.3056,0.3046,11
F,0.595,0.48,0.179,1.0906,0.32,0.2145,0.4049,13
M,0.525,0.389,0.129,0.6536,0.3639,0.1189,0.1726,5
F,0.584,0.455,0.172,1.0464,0.5127,0.226,0.2615,6
F,0.362,0.28,0.069,0.3095,0.1277,0.0496,0.0609,5
F,0.603,0.469,0.157,1.1638,0.4136,0.2491,0.3719,15
I,0.481,0.406,0.136,0.5707,0.1827,0.101,0.2015,11
M,0.675,0.529,0.179,1.4382,0.6569,0.2898,0.4532,16
M,0.736,0.585,0.253,2.1434,1.0613,0.5254,0.5495,12
F,0.696,0.576,0.177,1.8008,0.9236,0.3835,0.4154,11
M,0.467,0.347,0.11,0.368,0.1044,0.0795,0.123,13
I,0.583,0.441,0.119,0.8483,0.3662,0.1918,0.2519,9
M,0.608,0.469,0.168,1.1604,0.4716,0.249,0.3181,9
I,0.563,0.46,0.133,1.0088,0.5176,0.2179,0.2476,12
M,0.613,0.47,0.135,1.1208,0.4817,0.2799,0.3119,12
M,0.502,0.386,0.13,0.7441,0.2832,0.1636,0.2651,9
I,0.343,0.276,0.078,0.2253,0.0874,0.0414,0.0749,8
M,0.503,0.383,0.165,0.5371,0.2435,0.1371,0.1763,9
I,0.188,0.157,0.076,0.0633,0.0156,0.0233,0.0396,5
M,0.481,0.375,0.111,0.6443,0.2761,0.1635,0.2081,10
I,0.505,0.393,0.101,0.566,0.2269,0.0741,0.1398,7
F,0.505,0.386,0.141,0.532,0.2051,0.0863,0.1878,7
M,0.675,0.507,0.189,1.6568,0.7513,0.2919,0.4735,9
M,0.562,0.427,0.154,0.6885,0.3299,0.1341,0.203,9
I,0.245,0.203,0.09,0.1268,0.0464,0.0169,0.0585,7
F,0.47,0.349,0.114,0.3713,0.1451,0.08,0.1501,6
M,0.686,0.561,0.201,1.8098,0.7186,0.4001,0.5437,25
I,0.476,0.356,0.149,0.5216,0.2738,0.1005,0.1258,8
F,0.64,0.516,0.165,1.3425,0.4424,0.3219,0.4277,15
M,0.572,0.457,0.176,1.0002,0.4842,0.1997,0.3147,13
F,0.64,0.509,0.198,1.5219,0.5977,0.3448,0.4946,13
F,0.237,0.214,0.035,0.0467,0.0163,0.0153,0.0253,6
I,0.53,0.393,0.119,0.6549,0.3261,0.1847,0.1291,4
I,0.708,0.573,0.221,1.9259,0.7418,0.4667,0.5628,12
I,0.37,0.288,0.092,0.3425,0.1347,0.0609,0.0905,6
I,0.613,0.493,0.147,1.0775,0.5261,0.2251,0.3403,8
I,0.528,0.403,0.116,0.5058,0.1812,0.1169,0.1686,7
I,0.399,0.295,0.108,0.2237,0.0998,0.0476,0.0817,10
M,0.63,0.482,0.176,1.4555,0.6964,0.3473,0.4031,13
F,0.665,0.526,0.183,1.5259,0.611,0.3325,0.4408,12
I,0.579,0.448,0.131,0.8613,0.4353,0.1658,0.2231,9
M,0.642,0.516,0.201,1.5747,0.7105,0.3225,0.539,15
I,0.535,0.421,0.131,0.696,0.3083,0.1491,0.2277,9
M,0.561,0.446,0.145,0.7517,0.3028,0.1714,0.1758,10
I,0.497,0.364,0.124,0.5872,0.2479,0.1333,0.1304,8
M,0.694,0.544,0.21,1.7221,0.8018,0.4144,0.4144,13
I,0.485,0.378,0.122,0.4159,0.1948,0.0765,0.1765,10
F,0.545,0.404,0.12,0.5965,0.2959,0.136,0.1504,6
I,0.526,0.455,0.157,0.7595,0.2131,0.1511,0.3837,16
I,0.487,0.384,0.117,0.499,0.2599,0.0729,0.1353,7
I,0.661,0.524,0.221,1.6703,0.6621,0.389,0.4419,18
I,0.538,0.456,0.145,0.6679,0.3593,0.1715,0.1788,7
I,0.668,0.538,0.198,1.7063,0.8237,0.3479,0.4978,13
I,0.399,0.284,0.091,0.4421,0.1341,0.1286,0.2026,8
F,0.563,0.431,0.152,0.7243,0.3439,0.1674,0.1973,9
F,0.486,0.39,0.117,0.4819,0.1402,0.1389,0.17,9
F,0.63,0.478,0.158,0.9316,0.3983,0.1675,0.2653,9
M,0.603,0.457,0.144,0.9525,0.4111,0.2701,0.2209,9
I,0.34,0.269,0.081,0.1248,0.0866,0.0349,0.0287,5
I,0.653,0.503,0.183,1.3008,0.446,0.2421,0.4162,16
F,0.531,0.431,0.186,0.8051,0.2969,0.2016,0.1895,17
F,0.459,0.372,0.122,0.4528,0.2158,0.1021,0.1971,8
I,0.432,0.354,0.086,0.3931,0.1849,0.0847,0.0835,8
I,0.235,0.21,0.071,0.1208,0.0615,0.0163,0.0414,9
M,0.611,0.468,0.17,1.163,0.4426,0.208,0.3729,15
F,0.452,0.341,0.106,0.3884,0.1475,0.0875,0.1079,7
M,0.622,0.486,0.16,1.02,0.3809,0.2259,0.3559,8
I,0.42,0.312,0.094,0.3144,0.1819,0.0766,0.1018,7
I,0.461,0.343,0.084,0.4378,0.1253,0.1041,0.1142,9
I,0.654,0.511,0.174,1.7075,0.8294,0.3302,0.4143,9
I,0.389,0.303,0.099,0.3158,0.1619,0.0699,0.095,5
M,0.61,0.49,0.162,0.9677,0.3413,0.1742,0.3242,16
F,0.43,0.35,0.087,0.444,0.1644,0.0931,0.1537,10
I,0.576,0.433,0.129,0.748,0.2548,0.1264,0.3149,13
F,0.629,0.482,0.169,1.4673,0.7809,0.2974,0.3507,11
M,0.508,0.429,0.152,0.7354,0.3659,0.165,0.2339,9
I,0.504,0.372,0.174,0.5269,0.2377,0.1138,0.1974,9
F,0.529,0.401,0.132,0.7055,0.3113,0.1297,0.1727,9
I,0.505,0.393,0.132,0.594,0.3043,0.1462,0.1529,7
F,0.479,0.353,0.118,0.4106,0.1733,0.1094,0.149,11
M,0.613,0.492,0.152,0.9291,0.3391,0.2209,0.2767,18
F,0.56,0.464,0.143,0.9614,0.4336,0.1555,0.2602,7
F,0.292,0.251,0.099,0.1147,0.0499,0.0252,0.0423,9
F,0.588,0.45,0.152,0.9265,0.4083,0.2087,0.2671,8
M,0.563,0.435,0.156,0.8507,0.351,0.1575,0.2928,16
M,0.649,0.519,0.206,1.3375,0.5997,0.2886,0.3561,13
I,0.439,0.331,0.141,0.4084,0.1237,0.0706,0.2077,12
F,0.518,0.447,0.191,0.9594,0.4203,0.1986,0.2928,17
I,0.564,0.479,0.161,1.0211,0.4087,0.1804,0.295,14
I,0.402,0.299,0.082,0.2409,0.1204,0.0734,0.088,6
I,0.513,0.402,0.124,0.58,0.2371,0.1749,0.175,7
M,0.655,0.512,0.182,1.541,0.7609,0.3218,0.4613,13
F,0.452,0.333,0.095,0.4836,0.185,0.0824,0.1193,9
I,0.486,0.36,0.136,0.5023,0.1517,0.1167,0.1367,13
F,0.664,0.532,0.202,1.4129,0.5227,0.349,0.4166,13
I,0.526,0.414,0.137,0.6708,0.2766,0.124,0.1893,10
F,0.581,0.442,0.136,0.9357,0.3956,0.2106,0.2802,12
I,0.472,0.334,0.117,0.5357,0.2194,0.1274,0.1219,9
F,0.529,0.417,0.172,0.7061,0.2239,0.1737,0.2479,10
I,0.52,0.411,0.131,0.5826,0.2655,0.1069,0.1612,9
F,0.549,0.429,0.144,0.7162,0.2628,0.1975,0.2243,9
M,0.464,0.349,0.125,0.4665,0.1634,0.1207,0.159,11
I,0.625,0.494,0.144,1.1279,0.5028,0.2472,0.2722,9
M,0.135,0.077,0.077,0.0501,0.0221,0.0109,0.0107,6
M,0.667,0.525,0.182,1.2754,0.5517,0.2475,0.3699,11
M,0.488,0.405,0.136,0.5926,0.2576,0.083,0.1873,13
F,0.454,0.338,0.103,0.3121,0.1758,0.0637,0.0783,7
I,0.507,0.403,0.129,0.4524,0.198,0.147,0.1556,8
M,0.519,0.413,0.148,0.7548,0.3095,0.1608,0.2369,8
I,0.516,0.413,0.143,0.6356,0.2802,0.1248,0.2014,13
M,0.413,0.291,0.13,0.3794,0.1443,0.0962,0.1219,11
F,0.57,0.44,0.142,0.7961,0.3512,0.1277,0.2223,8
M,0.533,0.429,0.124,0.7029,0.2541,0.1688,0.2715,10
F,0.614,0.501,0.18,1.2587,0.5652,0.2653,0.3392,9
M,0.51,0.414,0.118,0.6728,0.3425,0.1527,0.1785,6
M,0.547,0.435,0.169,0.9609,0.4052,0.2151,0.2938,8
M,0.628,0.478,0.134,0.8381,0.3156,0.1726,0.2306,9
F,0.505,0.369,0.11,0.6201,0.2494,0.1236,0.1783,10
F,0.412,0.316,0.088,0.3659,0.1925,0.0719,0.0882,7
F,0.37,0.268,0.094,0.2044,0.0784,0.0537,0.0874,5
F,0.451,0.34,0.124,0.3541,0.1209,0.0692,0.1448,11
M,0.462,0.382,0.123,0.5214,0.2407,0.0736,0.1787,8
I,0.422,0.351,0.101,0.4843,0.1379,0.0964,0.1819,12
M,0.518,0.411,0.164,0.8859,0.4843,0.1694,0.2021,7
I,0.313,0.197,0.051,0.1352,0.0648,0.0638,0.0307,4
F,0.601,0.499,0.197,1.5113,0.553,0.32,0.4368,14
F,0.416,0.269,0.084,0.2193,0.155,0.0703,0.04,6
F,0.485,0.419,0.108,0.6462,0.2509,0.145,0.2308,7
F,0.453,0.304,0.096,0.4381,0.1795,0.0829,0.1077,8
M,0.511,0.409,0.118,0.6817,0.2363,0.0898,0.232,13
I,0.565,0.47,0.15,1.0705,0.5273,0.1836,0.35,7
I,0.56,0.428,0.152,0.8656,0.3265,0.1668,0.271,10
M,0.528,0.413,0.158,0.8622,0.4438,0.1803,0.1849,8
M,0.55,0.447,0.145,0.9348,0.3664,0.1956,0.244,12
M,0.536,0.428,0.146,0.8868,0.3469,0.2208,0.2633,7
M,0.625,0.494,0.199,1.3982,0.5386,0.2942,0.45,17
F,0.528,0.425,0.156,0.8589,0.3828,0.1767,0.2354,9
F,0.668,0.523,0.204,1.4954,0.6894,0.3127,0.4918,11
F,0.449,0.361,0.1,0.5701,0.2103,0.1171,0.1936,11
M,0.644,0.497,0.176,1.4874,0.7616,0.3293,0.3053,10
F,0.576,0.473,0.2,1.0732,0.498,0.2057,0.3406,13
M,0.687,0.518,0.154,1.309,0.5957,0.3295,0.3951,10
F,0.453,0.335,0.099,0.3358,0.1251,0.0822,0.1126,8
M,0.658,0.506,0.207,1.2822,0.587,0.3613,0.3494,12
I,0.426,0.321,0.099,0.2831,0.1042,0.0553,0.0682,9
I,0.598,0.474,0.143,1.0428,0.4245,0.2397,0.306,7
M,0.52,0.406,0.115,0.7772,0.4534,0.1744,0.1614,9
F,0.364,0.269,0.129,0.3064,0.1199,0.0784,0.1314,14
M,0.283,0.18,0.086,0.1629,0.0714,0.0248,0.0524,7
I,0.564,0.424,0.149,0.9302,0.3881,0.167,0.2922,11
M,0.6,0.465,0.194,1.1972,0.4782,0.221,0.4277,11
I,0.447,0.346,0.119,0.4514,0.2584,0.1034,0.1216,8
I,0.403,0.327,0.115,0.2278,0.1035,0.0511,0.0889,11
I,0.57,0.421,0.137,0.6588,0.2869,0.1584,0.1932,9
F,0.668,0.532,0.179,1.5688,0.6912,0.2945,0.3945,9
I,0.565,0.432,0.151,0.7381,0.3481,0.2028,0.1742,11
M,0.388,0.289,0.099,0.2713,0.1045,0.1101,0.0754,11
I,0.529,0.439,0.119,0.6452,0.2947,0.1413,0.1814,8
M,0.573,0.441,0.135,0.8672,0.3857,0.1424,0.2528,12
M,0.595,0.476,0.146,1.2721,0.5209,0.2995,0.3185,15
I,0.651,0.537,0.201,1.3815,0.643,0.2951,0.3998,12
M,0.681,0.532,0.193,1.6178,0.6329,0.3759,0.5137,16
I,0.519,0.41,0.123,0.668,0.3677,0.1026,0.1536,8
F,0.298,0.261,0.11,0.1586,0.0655,0.0259,0.0807,9
I,0.578,0.453,0.174,0.8205,0.3258,0.171,0.2451,12
F,0.554,0.423,0.11,0.5052,0.2247,0.106,0.1888,7
F,0.647,0.504,0.166,1.075,0.4444,0.2299,0.3755,10
F,0.525,0.367,0.127,0.612,0.2513,0.1601,0.1289,7
F,0.284,0.184,0.071,0.1876,0.0904,0.0387,0.0417,4
F,0.461,0.368,0.131,0.511,0.1695,0.0926,0.1615,9
M,0.606,0.474,0.184,1.0613,0.441,0.2158,0.3699,8
F,0.627,0.474,0.137,1.1106,0.4387,0.2586,0.2803,7
M,0.545,0.429,0.151,0.9368,0.3076,0.249,0.2133,13
M,0.757,0.594,0.22,2.1727,0.9152,0.4927,0.6191,21
I,0.484,0.365,0.134,0.5647,0.1973,0.1415,0.2393,8
F,0.552,0.403,0.117,0.7945,0.3843,0.1233,0.2205,8
F,0.532,0.429,0.124,0.6996,0.3041,0.161,0.2273,11
I,0.643,0.497,0.154,1.1502,0.4284,0.2558,0.3458,7
I,0.399,0.333,0.113,0.3393,0.1342,0.0441,0.0917,7
I,0.602,0.47,0.127,0.9552,0.4486,0.2229,0.2476,7
I,0.321,0.232,0.088,0.1795,0.0351,0.045,0.038,4
F,0.653,0.512,0.243,1.4936,0.6484,0.3908,0.402,14
I,0.171,0.087,0.034,0.0196,0.0068,0.0036,0.0126,6
F,0.632,0.486,0.172,1.3803,0.5468,0.2581,0.4107,12
M,0.563,0.423,0.148,0.8675,0.3693,0.2321,0.2664,11
I,0.389,0.25,0.098,0.2633,0.1245,0.06,0.0417,8
F,0.579,0.477,0.168,0.8219,0.2929,0.1693,0.2692,6
I,0.287,0.197,0.06,0.0661,0.0411,0.0104,0.0194,7
I,0.573,0.474,0.16,1.0757,0.5687,0.2281,0.2128,6
I,0.622,0.487,0.144,0.9811,0.4259,0.1578,0.2962,8
I,0.517,0.384,0.121,0.6078,0.3173,0.1845,0.1178,6
M,0.487,0.403,0.102,0.3717,0.1719,0.08,0.1498,7
M,0.575,0.476,0.144,0.9983,0.4027,0.159,0.3061,11
I,0.311,0.222,0.092,0.164,0.0486,0.0307,0.0705,11
F,0.511,0.356,0.118,0.5848,0.2767,0.1312,0.1349,9
M,0.489,0.395,0.128,0.7779,0.341,0.2014,0.1638,9
F,0.337,0.293,0.063,0.1375,0.0836,0.0353,0.0333,8
M,0.691,0.547,0.221,1.6982,0.7541,0.366,0.4829,14
F,0.553,0.418,0.147,0.7776,0.2381,0.1777,0.2141,13
F,0.547,0.418,0.116,0.6436,0.3163,0.1896,0.1927,8
I,0.489,0.39,0.109,0.5319,0.1499,0.0985,0.2044,15
I,0.351,0.248,0.103,0.2301,0.1043,0.046,0.0843,7
I,0.685,0.546,0.224,1.727,0.8438,0.3498,0.5032,16
F,0.562,0.437,0.158,0.9624,0.4201,0.1921,0.251,11
I,0.585,0.468,0.146,0.8794,0.4264,0.1683,0.2439,12
F,0.31,0.234,0.072,0.1911,0.0775,0.0522,0.0423,8
F,0.486,0.353,0.112,0.4086,0.1517,0.075,0.1499,8
I,0.512,0.427,0.135,0.7815,0.3535,0.1952,0.2311,11
F,0.481,0.367,0.134,0.6068,0.2065,0.1387,0.1512,12
I,0.604,0.489,0.152,1.0155,0.5137,0.2461,0.2017,10
I,0.441,0.371,0.097,0.4293,0.1876,0.0775,0.1538,7
M,0.536,0.395,0.128,0.7128,0.3058,0.1538,0.1919,8
M,0.607,0.478,0.15,1.0625,0.4925,0.2513,0.2345,11
M,0.665,0.514,0.213,1.2904,0.5986,0.315,0.39,13
F,0.629,0.487,0.179,1.1567,0.4403,0.2395,0.3536,11
M,0.458,0.375,0.106,0.399,0.1886,0.067,0.1129,8
M,0.686,0.527,0.224,1.5397,0.6307,0.3176,0.5243,12
I,0.331,0.279,0.106,0.2663,0.1173,0.0481,0.0915,6
I,0.341,0.267,0.079,0.1698,0.0835,0.0267,0.0719,5
F,0.447,0.341,0.141,0.449,0.1824,0.0857,0.1262,8
I,0.588,0.445,0.161,1.1206,0.4622,0.2577,0.3272,7
M,0.703,0.545,0.209,1.7827,0.9094,0.3912,0.455,8
M,0.5,0.417,0.131,0.7834,0.3421,0.1632,0.2071,11
M,0.534,0.439,0.158,0.8716,0.3514,0.1762,0.217,11
M,0.401,0.311,0.109,0.4364,0.1867,0.1161,0.09,9
M,0.689,0.536,0.22,1.6727,0.7835,0.3649,0.4588,11
F,0.664,0.517,0.188,1.5702,0.7008,0.3412,0.4093,10
M,0.702,0.56,0.203,1.7827,0.7455,0.392,0.4641,14
I,0.659,0.5,0.164,1.5106,0.6959,0.3326,0.4209,15
I,0.402,0.306,0.075,0.2259,0.0965,0.0548,0.0621,7
F,0.632,0.476,0.171,1.2419,0.5498,0.3264,0.3436,9
M,0.559,0.443,0.13,0.8172,0.3942,0.2176,0.1687,6
M,0.579,0.444,0.15,0.8462,0.3132,0.1725,0.2364,7
I,0.447,0.348,0.109,0.5078,0.1982,0.1322,0.0956,9
I,0.569,0.456,0.183,1.077,0.4334,0.181,0.3404,13
F,0.634,0.491,0.176,1.09,0.5464,0.2527,0.2375,8
F,0.749,0.602,0.245,2.473,1.2012,0.5445,0.6326,16
M,0.664,0.531,0.178,1.4065,0.6178,0.2469,0.4689,13
F,0.524,0.407,0.123,0.6975,0.2812,0.1189,0.2093,8
F,0.707,0.573,0.218,1.8966,0.8732,0.3728,0.5212,16
F,0.413,0.285,0.122,0.428,0.2231,0.0666,0.1067,9
M,0.514,0.358,0.193,0.8597,0.407,0.1494,0.2912,16
M,0.459,0.344,0.112,0.286,0.1431,0.1002,0.0685,6
F,0.489,0.389,0.144,0.5603,0.2249,0.121,0.1815,10
I,0.417,0.3,0.093,0.2497,0.1052,0.0487,0.08,9
I,0.311,0.22,0.102,0.1681,0.0679,0.0334,0.065,7
F,0.499,0.346,0.124,0.5292,0.2442,0.1372,0.1153,8
M,0.547,0.428,0.124,0.8894,0.2974,0.1453,0.2714,11
F,0.553,0.46,0.125,0.8219,0.3396,0.1811,0.2223,10
M,0.495,0.391,0.161,0.6809,0.2627,0.1537,0.2968,14
I,0.392,0.319,0.124,0.2899,0.1649,0.083,0.0705,7
I,0.466,0.356,0.086,0.2544,0.1256,0.0751,0.071,6
M,0.637,0.498,0.159,1.2187,0.5767,0.2171,0.337,12
I,0.521,0.372,0.11,0.5725,0.3029,0.0889,0.1049,8
M,0.484,0.401,0.149,0.6472,0.2735,0.1581,0.1881,7
I,0.394,0.308,0.089,0.3431,0.1605,0.0688,0.0833,7
M,0.51,0.403,0.137,0.5987,0.2562,0.0921,0.195,13
M,0.548,0.449,0.191,1.0268,0.483,0.2369,0.2669,12
F,0.565,0.443,0.142,0.9085,0.3772,0.2664,0.2507,11
M,0.616,0.504,0.168,1.2813,0.6274,0.2703,0.3748,9
F,0.316,0.251,0.072,0.1766,0.1018,0.035,0.0445,5
I,0.366,0.261,0.084,0.2498,0.1352,0.0676,0.0684,5
I,0.502,0.397,0.147,0.8598,0.3347,0.1758,0.2604,7
M,0.668,0.536,0.18,1.7099,0.6744,0.3425,0.4814,15
M,0.593,0.429,0.168,1.0329,0.4415,0.2691,0.2934,10
M,0.553,0.451,0.14,0.9209,0.4795,0.2064,0.2624,9
I,0.496,0.358,0.133,0.4853,0.1428,0.0822,0.1454,6
F,0.258,0.149,0.062,0.0893,0.0303,0.0192,0.0386,6
F,0.48,0.349,0.15,0.7026,0.3211,0.1347,0.1622,10
M,0.421,0.362,0.113,0.4438,0.145,0.0819,0.1747,13
F,0.712,0.574,0.172,1.8515,0.9459,0.3742,0.4406,10
F,0.468,0.391,0.136,0.5793,0.2071,0.2031,0.1804,10
F,0.401,0.265,0.106,0.2462,0.1089,0.0517,0.1136,11
F,0.595,0.472,0.176,1.1125,0.4626,0.2274,0.2933,14
I,0.558,0.424,0.141,0.8392,0.3129,0.1976,0.2264,11
M,0.62,0.501,0.181,1.2695,0.4373,0.3027,0.4209,14
M,0.535,0.4,0.166,0.8135,0.355,0.1924,0.2552,9
I,0.476,0.377,0.144,0.5708,0.1944,0.142,0.2041,13
I,0.573,0.439,0.107,0.7408,0.4205,0.1397,0.1393,9
M,0.468,0.392,0.111,0.481,0.1471,0.0799,0.1959,10
M,0.4,0.324,0.123,0.5183,0.2568,0.1129,0.1626,9
M,0.677,0.522,0.19,1.519,0.6826,0.3613,0.4195,15
M,0.586,0.452,0.153,1.0432,0.4291,0.2318,0.2708,11
M,0.515,0.392,0.109,0.5829,0.2577,0.1693,0.1718,10
F,0.399,0.304,0.098,0.3466,0.1177,0.0701,0.1315,9
M,0.594,0.446,0.176,0.9083,0.3206,0.1545,0.3186,14
I,0.514,0.417,0.093,0.5715,0.2306,0.1175,0.2006,8
M,0.508,0.424,0.146,0.5281,0.1967,0.1093,0.2264,16
I,0.381,0.3,0.091,0.1947,0.0681,0.0509,0.061,7
I,0.264,0.198,0.097,0.1262,0.0536,0.0121,0.0543,10
M,0.589,0.476,0.2,0.9793,0.4889,0.2697,0.321,10
M,0.531,0.438,0.149,0.4845,0.1674,0.1191,0.1741,10
I,0.437,0.287,0.094,0.2534,0.1116,0.0715,0.087,7
M,0.551,0.428,0.148,1.1568,0.4451,0.2542,0.3203,13
F,0.557,0.427,0.171,1.013,0.4023,0.2098,0.3007,10
M,0.625,0.512,0.189,1.427,0.5236,0.2917,0.4826,18
M,0.422,0.336,0.096,0.3109,0.1034,0.0727,0.0973,7
M,0.384,0.304,0.117,0.3442,0.1258,0.0853,0.0895,9
M,0.565,0.46,0.166,1.0052,0.3431,0.2338,0.3063,13
M,0.716,0.559,0.186,1.6633,0.6487,0.3761,0.5038,15
I,0.481,0.354,0.129,0.6591,0.2911,0.1355,0.1513,12
I,0.488,0.383,0.125,0.4931,0.3091,0.076,0.1175,8
M,0.654,0.491,0.171,1.1706,0.5046,0.2733,0.3348,12
I,0.261,0.202,0.041,0.0805,0.0385,0.009,0.0422,7
I,0.585,0.484,0.156,1.0971,0.5259,0.18,0.305,9
I,0.389,0.306,0.103,0.2498,0.0978,0.0564,0.1028,9
I,0.476,0.351,0.13,0.4181,0.1365,0.0895,0.1613,8
F,0.458,0.335,0.111,0.3098,0.1752,0.0787,0.1175,6
I,0.557,0.434,0.14,0.6504,0.2428,0.1523,0.247,10
F,0.51,0.401,0.163,0.8292,0.264,0.1707,0.2765,14
I,0.205,0.124,0.041,0.0295,0.0088,0.0065,0.0152,5
I,0.371,0.27,0.108,0.3368,0.1581,0.0779,0.1191,7
I,0.355,0.233,0.083,0.1563,0.1015,0.0599,0.0321,5
F,0.553,0.431,0.136,0.8734,0.372,0.1627,0.2423,11
F,0.421,0.346,0.108,0.312,0.1534,0.0672,0.0979,10
I,0.507,0.401,0.134,0.5948,0.285,0.1147,0.1273,6
M,0.56,0.423,0.118,0.7545,0.3509,0.1403,0.1762,12
I,0.577,0.447,0.165,0.9974,0.3721,0.2336,0.3562,13
F,0.47,0.39,0.143,0.5953,0.2821,0.1092,0.1517,8
F,0.481,0.38,0.166,0.4616,0.1923,0.1144,0.1768,7
I,0.504,0.428,0.126,0.8555,0.3366,0.1851,0.2429,8
M,0.609,0.484,0.154,1.1853,0.5428,0.2693,0.3523,9
I,0.452,0.352,0.125,0.4175,0.1328,0.109,0.1727,12
M,0.666,0.53,0.194,1.4984,0.6103,0.3131,0.4463,12
F,0.506,0.398,0.112,0.5613,0.2263,0.0917,0.1884,9
I,0.551,0.438,0.148,0.8198,0.3747,0.1423,0.2374,9
I,0.412,0.288,0.057,0.2842,0.1941,0.0379,0.0555,7
I,0.33,0.246,0.085,0.1653,0.0694,0.0392,0.0378,5
I,0.432,0.326,0.108,0.383,0.1402,0.0592,0.143,9
F,0.399,0.302,0.091,0.2408,0.1161,0.0519,0.0598,5
M,0.392,0.294,0.096,0.2832,0.095,0.0645,0.0749,8
F,0.326,0.251,0.094,0.1484,0.0776,0.0233,0.041,6
I,0.528,0.439,0.156,0.7927,0.3293,0.1811,0.2007,11
I,0.177,0.15,0.058,0.067,0.0366,0.0131,0.0192,6
I,0.434,0.288,0.097,0.2889,0.1621,0.0594,0.0687,9
M,0.607,0.476,0.125,1.1751,0.5358,0.2548,0.2904,11
I,0.542,0.424,0.135,0.8482,0.3263,0.1918,0.227,12
F,0.42,0.318,0.092,0.3207,0.1607,0.0796,0.0948,7
M,0.424,0.297,0.126,0.3976,0.1758,0.0734,0.1053,7
I,0.318,0.248,0.076,0.1096,0.0403,0.0189,0.0462,7
I,0.399,0.319,0.1,0.3018,0.0787,0.074,0.1631,11
I,0.427,0.342,0.103,0.4054,0.1696,0.0682,0.1562,9
M,0.632,0.497,0.205,1.2397,0.4796,0.2757,0.4379,12
F,0.42,0.315,0.11,0.3238,0.1453,0.0646,0.0895,8
I,0.39,0.265,0.083,0.3077,0.1788,0.0488,0.0868,6
M,0.433,0.364,0.141,0.45,0.2149,0.1113,0.1521,11
I,0.269,0.197,0.097,0.1096,0.0263,0.0307,0.0498,9
M,0.506,0.371,0.127,0.4095,0.1407,0.1326,0.1932,9
F,0.549,0.432,0.134,0.7658,0.3405,0.1776,0.1876,8
M,0.612,0.476,0.167,1.1304,0.4681,0.2286,0.3736,13
I,0.351,0.267,0.077,0.2937,0.1186,0.0439,0.0922,6
M,0.485,0.367,0.124,0.6179,0.2589,0.1067,0.1766,9
M,0.545,0.433,0.17,0.9828,0.2801,0.1806,0.3159,22
I,0.546,0.41,0.136,0.7657,0.4123,0.2094,0.1458,6
M,0.666,0.53,0.173,1.7489,0.8443,0.419,0.3539,12
M,0.593,0.475,0.177,0.9478,0.4794,0.1971,0.2536,12
F,0.526,0.407,0.141,0.6014,0.2685,0.122,0.1919,7
M,0.589,0.485,0.164,1.1801,0.4252,0.2601,0.3878,17
F,0.63,0.492,0.157,1.1434,0.5744,0.2405,0.3062,11
I,0.592,0.451,0.14,0.898,0.3816,0.1686,0.3141,13
F,0.641,0.485,0.17,1.4873,0.5539,0.3031,0.5098,11
F,0.667,0.509,0.167,1.0715,0.5766,0.1798,0.3317,7
I,0.587,0.497,0.151,1.267,0.5041,0.2363,0.3636,13
M,0.606,0.498,0.174,1.0033,0.5309,0.2743,0.2765,8
F,0.237,0.21,0.064,0.0786,0.0317,0.0164,0.0295,4
I,0.351,0.302,0.088,0.2406,0.0886,0.0546,0.0825,9
I,0.681,0.543,0.189,1.6094,0.6025,0.326,0.4624,11
F,0.524,0.394,0.123,0.7438,0.3192,0.099,0.2103,8
